{"level":30,"time":"2026-09-22T18:44:11.025Z","service":"reddington-server","env":"development","req":{"id":"544b937e-a470-4147-9010-91682085e78b","method":"GET","url":"/api/auth/me","remoteAddress":"::1"},"res":{"statusCode":200},"responseTime":619,"msg":"GET /me 200"}
{"level":30,"time":"2026-09-22T18:44:11.337Z","service":"reddington-server","env":"development","req":{"id":"747fb7c9-9302-4324-9ee1-a3db0c7d73bc","method":"GET","url":"/api/auth/me","remoteAddress":"::1"},"res":{"statusCode":304},"responseTime":308,"msg":"GET /me 304"}
{"level":30,"time":"2026-09-22T18:44:12.004Z","service":"reddington-server","env":"development","req":{"id":"05ed13dd-a40e-46d5-ac6a-57474a4ef3dc","method":"POST","url":"/api/analytics/events","remoteAddress":"::1"},"res":{"statusCode":201},"responseTime":662,"msg":"POST /events 201"}
{"level":30,"time":"2026-09-22T18:44:13.707Z","service":"reddington-server","env":"development","req":{"id":"9310706d-ec8b-41c9-9000-ad39ad133113","method":"GET","url":"/api/notifications/unread-count","remoteAddress":"::1"},"res":{"statusCode":200},"responseTime":2659,"msg":"GET /unread-count 200"}
{"level":30,"time":"2026-09-22T18:44:13.754Z","service":"reddington-server","env":"development","req":{"id":"5e60ed83-53c4-489e-9307-9c16524e435d","method":"POST","url":"/api/analytics/events","remoteAddress":"::1"},"res":{"statusCode":201},"responseTime":2691,"msg":"POST /events 201"}
{"level":30,"time":"2026-09-22T18:44:13.785Z","service":"reddington-server","env":"development","req":{"id":"fa547a2f-d7a6-4d12-aa52-9b347c0ea441","method":"POST","url":"/api/analytics/events","remoteAddress":"::1"},"res":{"statusCode":201},"responseTime":2721,"msg":"POST /events 201"}
{"level":30,"time":"2026-09-22T18:44:14.404Z","service":"reddington-server","env":"development","req":{"id":"4d3dea08-4b97-4c2c-bb5d-e36ca5d0b706","method":"GET","url":"/api/users/profile","remoteAddress":"::1"},"res":{"statusCode":200},"responseTime":3359,"msg":"GET /profile 200"}
{"level":30,"time":"2026-09-22T18:44:14.414Z","service":"reddington-server","env":"development","req":{"id":"7d75c822-3f14-44d7-8cfb-70e5d43dc34c","method":"GET","url":"/api/cart","remoteAddress":"::1"},"res":{"statusCode":200},"responseTime":3367,"msg":"GET / 200"}
{"level":30,"time":"2026-09-22T18:44:22.134Z","service":"reddington-server","env":"development","req":{"id":"485b7a7b-ca87-4f30-8fc0-8858ec71b4c9","method":"POST","url":"/api/auth/logout","remoteAddress":"::1"},"res":{"statusCode":200},"responseTime":1,"msg":"POST /logout 200"}
{"level":30,"time":"2026-09-22T18:44:43.707Z","service":"reddington-server","env":"development","port":"5000","msg":"reddington server listening on http://localhost:5000"}
{"level":30,"time":"2026-09-22T18:44:43.707Z","service":"reddington-server","env":"development","module":"dsar-worker","intervalMs":30000,"msg":"started"}
{"level":40,"time":"2026-09-22T18:44:46.409Z","service":"reddington-server","env":"development","req":{"id":"cf39233b-0a40-42b5-b540-c559f0346fb4","method":"GET","url":"/api/auth/me","remoteAddress":"::1"},"res":{"statusCode":401},"responseTime":6,"msg":"GET /me 401"}
{"level":40,"time":"2026-09-22T18:44:46.419Z","service":"reddington-server","env":"development","req":{"id":"62fbcac6-eed5-4440-8b17-316d46863f55","method":"GET","url":"/api/auth/me","remoteAddress":"::1"},"res":{"statusCode":401},"responseTime":1,"msg":"GET /me 401"}
{"level":30,"time":"2026-09-22T18:44:47.725Z","service":"reddington-server","env":"development","port":"5000","msg":"reddington server listening on http://localhost:5000"}
{"level":30,"time":"2026-09-22T18:44:47.726Z","service":"reddington-server","env":"development","module":"dsar-worker","intervalMs":30000,"msg":"started"}
{"level":30,"time":"2026-09-22T18:44:54.392Z","service":"reddington-server","env":"development","port":"5000","msg":"reddington server listening on http://localhost:5000"}
{"level":30,"time":"2026-09-22T18:44:54.392Z","service":"reddington-server","env":"development","module":"dsar-worker","intervalMs":30000,"msg":"started"}
{"level":30,"time":"2026-09-22T18:44:58.649Z","service":"reddington-server","env":"development","req":{"id":"0b462baf-4c99-4f76-9619-312a2ff75296","method":"POST","url":"/api/auth/login","remoteAddress":"::1"},"res":{"statusCode":200},"responseTime":2980,"msg":"POST /login 200"}
{"level":30,"time":"2026-09-22T18:45:00.505Z","service":"reddington-server","env":"development","req":{"id":"878968b8-c1b5-4658-8e0b-5bbc6a322fb2","method":"GET","url":"/api/recommendations","remoteAddress":"::1"},"res":{"statusCode":200},"responseTime":1833,"msg":"GET / 200"}
{"level":30,"time":"2026-09-22T18:45:01.131Z","service":"reddington-server","env":"development","req":{"id":"da60bcbc-9046-47ca-b7cf-bba8b48b4a30","method":"POST","url":"/api/analytics/events","remoteAddress":"::1"},"res":{"statusCode":201},"responseTime":623,"msg":"POST /events 201"}
{"level":30,"time":"2026-09-22T18:45:01.426Z","service":"reddington-server","env":"development","req":{"id":"5186c5b9-38da-4413-ac68-e15377bd8d65","method":"POST","url":"/api/analytics/events","remoteAddress":"::1"},"res":{"statusCode":201},"responseTime":290,"msg":"POST /events 201"}
{"level":30,"time":"2026-09-22T18:45:01.431Z","service":"reddington-server","env":"development","req":{"id":"e4fbd674-9469-46d0-986c-38df63338a75","method":"GET","url":"/api/notifications/unread-count","remoteAddress":"::1"},"res":{"statusCode":304},"responseTime":2749,"msg":"GET /unread-count 304"}
{"level":30,"time":"2026-09-22T18:45:01.432Z","service":"reddington-server","env":"development","req":{"id":"6a9f3753-cf41-4f02-bbd0-24267b5adc9c","method":"GET","url":"/api/cart","remoteAddress":"::1"},"res":{"statusCode":200},"responseTime":2751,"msg":"GET / 200"}
{"level":30,"time":"2026-09-22T18:45:01.436Z","service":"reddington-server","env":"development","req":{"id":"bc73c234-0d4d-4e83-b293-39cf1cb533ee","method":"GET","url":"/api/users/wishlist","remoteAddress":"::1"},"res":{"statusCode":200},"responseTime":2759,"msg":"GET /wishlist 200"}
{"level":30,"time":"2026-09-22T18:45:01.437Z","service":"reddington-server","env":"development","req":{"id":"98a00f14-3935-4251-9d24-645753f31ac6","method":"GET","url":"/api/products?sort=rating&limit=8","remoteAddress":"::1"},"res":{"statusCode":200},"responseTime":2761,"msg":"GET /?sort=rating&limit=8 200"}
{"level":30,"time":"2026-09-22T18:45:01.439Z","service":"reddington-server","env":"development","req":{"id":"b357c3e3-a938-432f-aeff-af3a2372d62b","method":"POST","url":"/api/analytics/events","remoteAddress":"::1"},"res":{"statusCode":201},"responseTime":2759,"msg":"POST /events 201"}
{"level":30,"time":"2026-09-22T18:53:46.535Z","service":"reddington-server","env":"development","req":{"id":"d27884ca-2495-4710-aa3d-51d206cdfb03","method":"GET","url":"/api/auth/me","remoteAddress":"::1"},"res":{"statusCode":200},"responseTime":929,"msg":"GET /me 200"}
{"level":30,"time":"2026-09-22T18:53:46.855Z","service":"reddington-server","env":"development","req":{"id":"e20d170b-4452-4bc8-814d-8771ed4bbbe4","method":"GET","url":"/api/auth/me","remoteAddress":"::1"},"res":{"statusCode":304},"responseTime":316,"msg":"GET /me 304"}
{"level":30,"time":"2026-09-22T18:53:47.480Z","service":"reddington-server","env":"development","req":{"id":"46f1019d-451b-4c02-b703-37cbf532480f","method":"POST","url":"/api/analytics/events","remoteAddress":"::1"},"res":{"statusCode":201},"responseTime":620,"msg":"POST /events 201"}
{"level":30,"time":"2026-09-22T18:53:47.793Z","service":"reddington-server","env":"development","req":{"id":"8f8b4178-51d8-4539-b996-0f7219d2c447","method":"POST","url":"/api/analytics/events","remoteAddress":"::1"},"res":{"statusCode":201},"responseTime":310,"msg":"POST /events 201"}
{"level":30,"time":"2026-09-22T18:53:48.113Z","service":"reddington-server","env":"development","req":{"id":"5508d95d-2a90-4120-9b11-0a3fa58b5a51","method":"POST","url":"/api/analytics/events","remoteAddress":"::1"},"res":{"statusCode":201},"responseTime":316,"msg":"POST /events 201"}
{"level":30,"time":"2026-09-22T18:53:49.301Z","service":"reddington-server","env":"development","req":{"id":"ced00812-d1ca-400c-b25a-1d82769f7b7c","method":"GET","url":"/api/notifications/unread-count","remoteAddress":"::1"},"res":{"statusCode":304},"responseTime":2731,"msg":"GET /unread-count 304"}
{"level":30,"time":"2026-09-22T18:53:49.301Z","service":"reddington-server","env":"development","req":{"id":"b8f64b4c-bcb3-4dfd-97e6-e6cd60ebed80","method":"GET","url":"/api/products?sort=rating&limit=8","remoteAddress":"::1"},"res":{"statusCode":304},"responseTime":2734,"msg":"GET /?sort=rating&limit=8 304"}
{"level":30,"time":"2026-09-22T18:53:49.302Z","service":"reddington-server","env":"development","req":{"id":"923feade-5e4b-4af2-a0d9-c73addc123ec","method":"GET","url":"/api/users/wishlist","remoteAddress":"::1"},"res":{"statusCode":304},"responseTime":2734,"msg":"GET /wishlist 304"}
{"level":30,"time":"2026-09-22T18:53:49.302Z","service":"reddington-server","env":"development","req":{"id":"8d138469-ff03-4b0f-8d32-6773b8df8777","method":"GET","url":"/api/cart","remoteAddress":"::1"},"res":{"statusCode":304},"responseTime":2733,"msg":"GET / 304"}
{"level":30,"time":"2026-09-22T18:53:50.485Z","service":"reddington-server","env":"development","req":{"id":"8c21c7dd-f677-43f8-b0cc-b09423312b1b","method":"GET","url":"/api/recommendations","remoteAddress":"::1"},"res":{"statusCode":304},"responseTime":3921,"msg":"GET / 304"}
{"level":30,"time":"2026-09-22T18:54:46.522Z","service":"reddington-server","env":"development","req":{"id":"b5d51951-fd5f-406b-abb3-ca15698a2011","method":"GET","url":"/api/auth/me","remoteAddress":"::1"},"res":{"statusCode":304},"responseTime":927,"msg":"GET /me 304"}
{"level":30,"time":"2026-09-22T18:54:46.832Z","service":"reddington-server","env":"development","req":{"id":"26ad66e1-ec72-4b63-9a99-3b82bb3dd964","method":"GET","url":"/api/auth/me","remoteAddress":"::1"},"res":{"statusCode":304},"responseTime":306,"msg":"GET /me 304"}
{"level":30,"time":"2026-09-22T18:54:47.406Z","service":"reddington-server","env":"development","req":{"id":"a2160f37-0907-4cf8-aed9-caabbecd82e7","method":"GET","url":"/api/notifications/unread-count","remoteAddress":"::1"},"res":{"statusCode":304},"responseTime":845,"msg":"GET /unread-count 304"}
{"level":30,"time":"2026-09-22T18:54:47.431Z","service":"reddington-server","env":"development","req":{"id":"4f927b25-e845-4208-8ed4-2a761b1414cb","method":"POST","url":"/api/analytics/events","remoteAddress":"::1"},"res":{"statusCode":201},"responseTime":594,"msg":"POST /events 201"}
{"level":30,"time":"2026-09-22T18:54:47.448Z","service":"reddington-server","env":"development","req":{"id":"9b9ea1f1-0d20-43a1-86f1-1340df6fbc22","method":"GET","url":"/api/users/wishlist","remoteAddress":"::1"},"res":{"statusCode":304},"responseTime":888,"msg":"GET /wishlist 304"}
{"level":30,"time":"2026-09-22T18:54:47.448Z","service":"reddington-server","env":"development","req":{"id":"94e3083c-6a57-4844-9ff5-c8d06e61ab2d","method":"GET","url":"/api/cart","remoteAddress":"::1"},"res":{"statusCode":304},"responseTime":887,"msg":"GET / 304"}
{"level":30,"time":"2026-09-22T18:54:47.470Z","service":"reddington-server","env":"development","req":{"id":"66ce143b-f1f0-4b70-a79c-7ccc7646d1f6","method":"GET","url":"/api/products?sort=rating&limit=8","remoteAddress":"::1"},"res":{"statusCode":304},"responseTime":910,"msg":"GET /?sort=rating&limit=8 304"}
{"level":30,"time":"2026-09-22T18:54:47.725Z","service":"reddington-server","env":"development","req":{"id":"ab110961-4519-4232-9694-01b75e8117e8","method":"POST","url":"/api/analytics/events","remoteAddress":"::1"},"res":{"statusCode":201},"responseTime":290,"msg":"POST /events 201"}
{"level":30,"time":"2026-09-22T18:54:48.002Z","service":"reddington-server","env":"development","req":{"id":"8def7528-052d-450d-8ac4-b07a9810472a","method":"POST","url":"/api/analytics/events","remoteAddress":"::1"},"res":{"statusCode":201},"responseTime":591,"msg":"POST /events 201"}
{"level":30,"time":"2026-09-22T18:54:48.821Z","service":"reddington-server","env":"development","req":{"id":"b3b3d61b-cd48-4044-8af8-69c95343cafe","method":"GET","url":"/api/recommendations","remoteAddress":"::1"},"res":{"statusCode":304},"responseTime":2264,"msg":"GET / 304"}
{"level":30,"time":"2026-09-22T18:55:46.520Z","service":"reddington-server","env":"development","req":{"id":"91507cbe-345c-4e58-ad6b-e51b30f09887","method":"GET","url":"/api/auth/me","remoteAddress":"::1"},"res":{"statusCode":304},"responseTime":959,"msg":"GET /me 304"}
{"level":30,"time":"2026-09-22T18:55:46.854Z","service":"reddington-server","env":"development","req":{"id":"6b0f9ffd-ff28-4460-9ade-d761326ecf11","method":"GET","url":"/api/auth/me","remoteAddress":"::1"},"res":{"statusCode":304},"responseTime":330,"msg":"GET /me 304"}
{"level":30,"time":"2026-09-22T18:55:47.450Z","service":"reddington-server","env":"development","req":{"id":"86fe3437-e335-4f24-bc9f-17fe3ada50cf","method":"GET","url":"/api/cart","remoteAddress":"::1"},"res":{"statusCode":304},"responseTime":898,"msg":"GET / 304"}
{"level":30,"time":"2026-09-22T18:55:47.450Z","service":"reddington-server","env":"development","req":{"id":"38985b8b-cfca-4332-bb07-7b322bc2aade","method":"GET","url":"/api/users/wishlist","remoteAddress":"::1"},"res":{"statusCode":304},"responseTime":899,"msg":"GET /wishlist 304"}
{"level":30,"time":"2026-09-22T18:55:47.451Z","service":"reddington-server","env":"development","req":{"id":"8e5c0b9a-7bb5-4ec6-89bc-62d487a53c4c","method":"POST","url":"/api/analytics/events","remoteAddress":"::1"},"res":{"statusCode":201},"responseTime":899,"msg":"POST /events 201"}
{"level":30,"time":"2026-09-22T18:55:47.456Z","service":"reddington-server","env":"development","req":{"id":"1e0d47fc-0abf-424d-a3bf-bb6eb1ace274","method":"GET","url":"/api/notifications/unread-count","remoteAddress":"::1"},"res":{"statusCode":304},"responseTime":599,"msg":"GET /unread-count 304"}
{"level":30,"time":"2026-09-22T18:55:47.746Z","service":"reddington-server","env":"development","req":{"id":"9d35e1a4-1610-47a9-a806-56e40b5bd24c","method":"POST","url":"/api/analytics/events","remoteAddress":"::1"},"res":{"statusCode":201},"responseTime":292,"msg":"POST /events 201"}
{"level":30,"time":"2026-09-22T18:55:48.055Z","service":"reddington-server","env":"development","req":{"id":"f7e4f55e-7f0a-43a8-8b4e-f8bda1e60706","method":"POST","url":"/api/analytics/events","remoteAddress":"::1"},"res":{"statusCode":201},"responseTime":600,"msg":"POST /events 201"}
{"level":30,"time":"2026-09-22T18:55:48.342Z","service":"reddington-server","env":"development","req":{"id":"f3c07a79-561e-4e4e-97cf-f406f0afeb0d","method":"GET","url":"/api/recommendations","remoteAddress":"::1"},"res":{"statusCode":304},"responseTime":1794,"msg":"GET / 304"}
{"level":30,"time":"2026-09-22T18:55:49.199Z","service":"reddington-server","env":"development","req":{"id":"79e44c59-71d4-41de-8f7f-cd68e0ff015d","method":"GET","url":"/api/products?sort=rating&limit=8","remoteAddress":"::1"},"res":{"statusCode":304},"responseTime":2649,"msg":"GET /?sort=rating&limit=8 304"}
{"level":30,"time":"2026-09-22T18:56:46.431Z","service":"reddington-server","env":"development","req":{"id":"aca5552b-cced-4853-a597-79c34e56baab","method":"GET","url":"/api/auth/me","remoteAddress":"::1"},"res":{"statusCode":304},"responseTime":843,"msg":"GET /me 304"}
{"level":30,"time":"2026-09-22T18:56:46.722Z","service":"reddington-server","env":"development","req":{"id":"10fa1c95-1cec-47b8-ba76-980cda95ece4","method":"GET","url":"/api/auth/me","remoteAddress":"::1"},"res":{"statusCode":304},"responseTime":288,"msg":"GET /me 304"}
{"level":30,"time":"2026-09-22T18:56:47.060Z","service":"reddington-server","env":"development","req":{"id":"682ee107-d84c-4ea9-9291-a73dbd06f652","method":"GET","url":"/api/cart","remoteAddress":"::1"},"res":{"statusCode":304},"responseTime":593,"msg":"GET / 304"}
{"level":30,"time":"2026-09-22T18:56:47.060Z","service":"reddington-server","env":"development","req":{"id":"e546dff3-fb7d-4dd4-9e96-c691be54d3e6","method":"GET","url":"/api/users/wishlist","remoteAddress":"::1"},"res":{"statusCode":304},"responseTime":594,"msg":"GET /wishlist 304"}
{"level":30,"time":"2026-09-22T18:56:47.298Z","service":"reddington-server","env":"development","req":{"id":"eaa0081d-0002-4fb7-94d7-9a758d28e997","method":"POST","url":"/api/analytics/events","remoteAddress":"::1"},"res":{"statusCode":201},"responseTime":573,"msg":"POST /events 201"}
{"level":30,"time":"2026-09-22T18:56:47.352Z","service":"reddington-server","env":"development","req":{"id":"57768c28-f127-43af-9bf7-ae0f9aec0902","method":"GET","url":"/api/products?sort=rating&limit=8","remoteAddress":"::1"},"res":{"statusCode":304},"responseTime":887,"msg":"GET /?sort=rating&limit=8 304"}
{"level":30,"time":"2026-09-22T18:56:47.353Z","service":"reddington-server","env":"development","req":{"id":"1781487e-c160-436c-baae-f95ecb076323","method":"GET","url":"/api/notifications/unread-count","remoteAddress":"::1"},"res":{"statusCode":304},"responseTime":886,"msg":"GET /unread-count 304"}
{"level":30,"time":"2026-09-22T18:56:47.370Z","service":"reddington-server","env":"development","req":{"id":"ad0f4b21-a38a-427b-802f-05ce02681215","method":"POST","url":"/api/analytics/events","remoteAddress":"::1"},"res":{"statusCode":201},"responseTime":303,"msg":"POST /events 201"}
{"level":30,"time":"2026-09-22T18:56:47.656Z","service":"reddington-server","env":"development","req":{"id":"f0a0bebf-b409-4bfa-b0d9-535e997c6dd2","method":"GET","url":"/api/recommendations","remoteAddress":"::1"},"res":{"statusCode":304},"responseTime":1194,"msg":"GET / 304"}
{"level":30,"time":"2026-09-22T18:56:47.657Z","service":"reddington-server","env":"development","req":{"id":"aef46e42-3417-4408-868b-0f1a8f9874ba","method":"POST","url":"/api/analytics/events","remoteAddress":"::1"},"res":{"statusCode":201},"responseTime":589,"msg":"POST /events 201"}
{"level":30,"time":"2026-09-22T18:57:46.579Z","service":"reddington-server","env":"development","req":{"id":"4e66fbba-4889-475e-a74e-f6b4a1deed88","method":"GET","url":"/api/auth/me","remoteAddress":"::1"},"res":{"statusCode":304},"responseTime":1007,"msg":"GET /me 304"}
{"level":30,"time":"2026-09-22T18:57:46.886Z","service":"reddington-server","env":"development","req":{"id":"4d5c9c24-f53d-4f16-891d-6615f5476437","method":"GET","url":"/api/auth/me","remoteAddress":"::1"},"res":{"statusCode":304},"responseTime":304,"msg":"GET /me 304"}
{"level":30,"time":"2026-09-22T18:57:47.185Z","service":"reddington-server","env":"development","req":{"id":"6607a8af-3f77-4dd0-bf22-2694b443065a","method":"POST","url":"/api/analytics/events","remoteAddress":"::1"},"res":{"statusCode":201},"responseTime":295,"msg":"POST /events 201"}
{"level":30,"time":"2026-09-22T18:57:47.204Z","service":"reddington-server","env":"development","req":{"id":"edccab0f-215b-4b5c-8fbd-d3ecf428e628","method":"GET","url":"/api/notifications/unread-count","remoteAddress":"::1"},"res":{"statusCode":304},"responseTime":588,"msg":"GET /unread-count 304"}
{"level":30,"time":"2026-09-22T18:57:47.213Z","service":"reddington-server","env":"development","req":{"id":"4e52f5fb-22d7-45e5-8c67-f486f09cadc7","method":"GET","url":"/api/products?sort=rating&limit=8","remoteAddress":"::1"},"res":{"statusCode":304},"responseTime":604,"msg":"GET /?sort=rating&limit=8 304"}
{"level":30,"time":"2026-09-22T18:57:47.458Z","service":"reddington-server","env":"development","req":{"id":"d9aecfb9-7254-40d5-90d6-2b70f42ce31a","method":"GET","url":"/api/cart","remoteAddress":"::1"},"res":{"statusCode":304},"responseTime":847,"msg":"GET / 304"}
{"level":30,"time":"2026-09-22T18:57:47.487Z","service":"reddington-server","env":"development","req":{"id":"5f841577-3853-462e-95fc-fa2ccf419ab3","method":"POST","url":"/api/analytics/events","remoteAddress":"::1"},"res":{"statusCode":201},"responseTime":298,"msg":"POST /events 201"}
{"level":30,"time":"2026-09-22T18:57:47.500Z","service":"reddington-server","env":"development","req":{"id":"7a2d2a88-4fe2-47c4-ae4e-750346195b5c","method":"GET","url":"/api/users/wishlist","remoteAddress":"::1"},"res":{"statusCode":304},"responseTime":890,"msg":"GET /wishlist 304"}
{"level":30,"time":"2026-09-22T18:57:47.782Z","service":"reddington-server","env":"development","req":{"id":"2c8c9e41-1d3f-4d93-805b-ac556e2551e1","method":"GET","url":"/api/recommendations","remoteAddress":"::1"},"res":{"statusCode":304},"responseTime":1173,"msg":"GET / 304"}
{"level":30,"time":"2026-09-22T18:57:47.799Z","service":"reddington-server","env":"development","req":{"id":"367efc2a-4911-49d8-8631-4aa8f8091adb","method":"POST","url":"/api/analytics/events","remoteAddress":"::1"},"res":{"statusCode":201},"responseTime":591,"msg":"POST /events 201"}
{"level":30,"time":"2026-09-22T18:58:31.219Z","service":"reddington-server","env":"development","req":{"id":"9696374d-41a5-49b9-81b5-78beee254631","method":"GET","url":"/api/auth/me","remoteAddress":"::1"},"res":{"statusCode":304},"responseTime":658,"msg":"GET /me 304"}
{"level":30,"time":"2026-09-22T18:58:31.527Z","service":"reddington-server","env":"development","req":{"id":"47a0cfd4-dc13-4e1a-ac22-ad8cfdd2d79b","method":"GET","url":"/api/auth/me","remoteAddress":"::1"},"res":{"statusCode":304},"responseTime":304,"msg":"GET /me 304"}
{"level":30,"time":"2026-09-22T18:58:31.832Z","service":"reddington-server","env":"development","req":{"id":"3f53c2a4-81ef-4b3f-a21a-d77ddfa4cd65","method":"POST","url":"/api/analytics/events","remoteAddress":"::1"},"res":{"statusCode":201},"responseTime":300,"msg":"POST /events 201"}
{"level":30,"time":"2026-09-22T18:58:31.841Z","service":"reddington-server","env":"development","req":{"id":"c9e124e5-8aa8-4f05-a604-b6f3da2f0d74","method":"GET","url":"/api/products?sort=rating&limit=8","remoteAddress":"::1"},"res":{"statusCode":304},"responseTime":593,"msg":"GET /?sort=rating&limit=8 304"}
{"level":30,"time":"2026-09-22T18:58:31.847Z","service":"reddington-server","env":"development","req":{"id":"556d98a6-6269-4b37-9063-5d956c55eb0b","method":"GET","url":"/api/notifications/unread-count","remoteAddress":"::1"},"res":{"statusCode":304},"responseTime":594,"msg":"GET /unread-count 304"}
{"level":30,"time":"2026-09-22T18:58:32.118Z","service":"reddington-server","env":"development","req":{"id":"76d38f0a-99ce-4524-9004-bad1f3f194cb","method":"GET","url":"/api/users/wishlist","remoteAddress":"::1"},"res":{"statusCode":304},"responseTime":867,"msg":"GET /wishlist 304"}
{"level":30,"time":"2026-09-22T18:58:32.128Z","service":"reddington-server","env":"development","req":{"id":"a86f21b2-92a8-41bf-bb1b-9bdd63164396","method":"POST","url":"/api/analytics/events","remoteAddress":"::1"},"res":{"statusCode":201},"responseTime":292,"msg":"POST /events 201"}
{"level":30,"time":"2026-09-22T18:58:32.143Z","service":"reddington-server","env":"development","req":{"id":"e74f90bf-634a-4dc5-98db-122235395953","method":"POST","url":"/api/analytics/events","remoteAddress":"::1"},"res":{"statusCode":201},"responseTime":297,"msg":"POST /events 201"}
{"level":30,"time":"2026-09-22T18:58:32.153Z","service":"reddington-server","env":"development","req":{"id":"57afa85c-8b06-4ebf-a51b-b4e1e13e623b","method":"GET","url":"/api/cart","remoteAddress":"::1"},"res":{"statusCode":304},"responseTime":901,"msg":"GET / 304"}
{"level":30,"time":"2026-09-22T18:58:32.985Z","service":"reddington-server","env":"development","req":{"id":"1d350d84-5e4e-4ff8-8191-ca2e0e7ce535","method":"GET","url":"/api/recommendations","remoteAddress":"::1"},"res":{"statusCode":304},"responseTime":1737,"msg":"GET / 304"}
{"level":30,"time":"2026-09-22T19:00:46.262Z","service":"reddington-server","env":"development","req":{"id":"f55b1e2f-eae8-47d7-a914-1207ef9e6994","method":"GET","url":"/api/auth/me","remoteAddress":"::1"},"res":{"statusCode":304},"responseTime":691,"msg":"GET /me 304"}
{"level":30,"time":"2026-09-22T19:00:46.574Z","service":"reddington-server","env":"development","req":{"id":"141c4b66-99e6-48e7-8100-904d1e55167a","method":"GET","url":"/api/auth/me","remoteAddress":"::1"},"res":{"statusCode":304},"responseTime":308,"msg":"GET /me 304"}
{"level":30,"time":"2026-09-22T19:00:46.871Z","service":"reddington-server","env":"development","req":{"id":"b76ed6ea-34f5-4e20-8d44-0cde8115c57f","method":"POST","url":"/api/analytics/events","remoteAddress":"::1"},"res":{"statusCode":201},"responseTime":293,"msg":"POST /events 201"}
{"level":30,"time":"2026-09-22T19:00:47.161Z","service":"reddington-server","env":"development","req":{"id":"ee23620e-a905-404d-86ac-74f9ce0255aa","method":"POST","url":"/api/analytics/events","remoteAddress":"::1"},"res":{"statusCode":201},"responseTime":286,"msg":"POST /events 201"}
{"level":30,"time":"2026-09-22T19:00:47.541Z","service":"reddington-server","env":"development","req":{"id":"12f112c5-c6df-42dd-ba4c-1d68c1cb700c","method":"POST","url":"/api/analytics/events","remoteAddress":"::1"},"res":{"statusCode":201},"responseTime":376,"msg":"POST /events 201"}
{"level":30,"time":"2026-09-22T19:00:49.141Z","service":"reddington-server","env":"development","req":{"id":"b49736d8-79d4-45d4-b8e8-fe28196efd3e","method":"GET","url":"/api/products?sort=rating&limit=8","remoteAddress":"::1"},"res":{"statusCode":304},"responseTime":2847,"msg":"GET /?sort=rating&limit=8 304"}
{"level":30,"time":"2026-09-22T19:00:49.142Z","service":"reddington-server","env":"development","req":{"id":"55749dff-217b-461b-b681-8c06ebb00b00","method":"GET","url":"/api/notifications/unread-count","remoteAddress":"::1"},"res":{"statusCode":304},"responseTime":2842,"msg":"GET /unread-count 304"}
{"level":30,"time":"2026-09-22T19:00:49.142Z","service":"reddington-server","env":"development","req":{"id":"cea63c4a-50bd-4f80-8d6f-c42b2e43eeb3","method":"GET","url":"/api/users/wishlist","remoteAddress":"::1"},"res":{"statusCode":304},"responseTime":2844,"msg":"GET /wishlist 304"}
{"level":30,"time":"2026-09-22T19:00:49.142Z","service":"reddington-server","env":"development","req":{"id":"94126e16-fabd-48d5-9561-31309712440e","method":"GET","url":"/api/cart","remoteAddress":"::1"},"res":{"statusCode":304},"responseTime":2842,"msg":"GET / 304"}
{"level":30,"time":"2026-09-22T19:00:50.422Z","service":"reddington-server","env":"development","req":{"id":"d39f6a28-31f6-4885-bbe2-d3a02c379c68","method":"GET","url":"/api/recommendations","remoteAddress":"::1"},"res":{"statusCode":304},"responseTime":4128,"msg":"GET / 304"}
{"level":30,"time":"2026-09-22T19:01:46.583Z","service":"reddington-server","env":"development","req":{"id":"19edb33e-0ce4-4300-a8b6-97247b4f8106","method":"GET","url":"/api/auth/me","remoteAddress":"::1"},"res":{"statusCode":304},"responseTime":1002,"msg":"GET /me 304"}
{"level":30,"time":"2026-09-22T19:01:46.892Z","service":"reddington-server","env":"development","req":{"id":"3b43eae4-f828-48c0-9155-a82fb057b694","method":"GET","url":"/api/auth/me","remoteAddress":"::1"},"res":{"statusCode":304},"responseTime":301,"msg":"GET /me 304"}
{"level":30,"time":"2026-09-22T19:01:47.477Z","service":"reddington-server","env":"development","req":{"id":"976c64a4-6103-40a9-b43e-0c592104d7dd","method":"GET","url":"/api/cart","remoteAddress":"::1"},"res":{"statusCode":304},"responseTime":857,"msg":"GET / 304"}
{"level":30,"time":"2026-09-22T19:01:47.495Z","service":"reddington-server","env":"development","req":{"id":"3460c1e8-d7a6-4c16-9062-3c47061d1196","method":"POST","url":"/api/analytics/events","remoteAddress":"::1"},"res":{"statusCode":201},"responseTime":600,"msg":"POST /events 201"}
{"level":30,"time":"2026-09-22T19:01:47.507Z","service":"reddington-server","env":"development","req":{"id":"67d5d6ef-7653-484a-ba76-7303714b4a4e","method":"GET","url":"/api/products?sort=rating&limit=8","remoteAddress":"::1"},"res":{"statusCode":304},"responseTime":890,"msg":"GET /?sort=rating&limit=8 304"}
{"level":30,"time":"2026-09-22T19:01:47.532Z","service":"reddington-server","env":"development","req":{"id":"26a84c8c-4a9e-45be-ac89-81f183430952","method":"GET","url":"/api/users/wishlist","remoteAddress":"::1"},"res":{"statusCode":304},"responseTime":913,"msg":"GET /wishlist 304"}
{"level":30,"time":"2026-09-22T19:01:47.801Z","service":"reddington-server","env":"development","req":{"id":"ac537748-be89-4b58-bf2f-043c35daa772","method":"POST","url":"/api/analytics/events","remoteAddress":"::1"},"res":{"statusCode":201},"responseTime":302,"msg":"POST /events 201"}
{"level":30,"time":"2026-09-22T19:01:48.191Z","service":"reddington-server","env":"development","req":{"id":"d726daab-09bb-4929-9b01-15ca11d824f4","method":"POST","url":"/api/analytics/events","remoteAddress":"::1"},"res":{"statusCode":201},"responseTime":710,"msg":"POST /events 201"}
{"level":30,"time":"2026-09-22T19:01:48.830Z","service":"reddington-server","env":"development","req":{"id":"9018a025-8e72-4964-8ed8-25a591d14fae","method":"GET","url":"/api/recommendations","remoteAddress":"::1"},"res":{"statusCode":304},"responseTime":2214,"msg":"GET / 304"}
{"level":30,"time":"2026-09-22T19:01:49.462Z","service":"reddington-server","env":"development","req":{"id":"d399f488-c2b5-4a61-9cc3-92755e57966c","method":"GET","url":"/api/notifications/unread-count","remoteAddress":"::1"},"res":{"statusCode":304},"responseTime":2842,"msg":"GET /unread-count 304"}
{"level":30,"time":"2026-09-22T19:02:46.582Z","service":"reddington-server","env":"development","req":{"id":"5d4f0785-27e0-417e-9d28-d5073b5b86f0","method":"GET","url":"/api/auth/me","remoteAddress":"::1"},"res":{"statusCode":304},"responseTime":1009,"msg":"GET /me 304"}
{"level":30,"time":"2026-09-22T19:02:46.897Z","service":"reddington-server","env":"development","req":{"id":"150085ec-9e9c-49fc-a7ea-c1e8eb691075","method":"GET","url":"/api/auth/me","remoteAddress":"::1"},"res":{"statusCode":304},"responseTime":310,"msg":"GET /me 304"}
{"level":30,"time":"2026-09-22T19:02:47.198Z","service":"reddington-server","env":"development","req":{"id":"a15b8c88-b90f-4ffe-a637-abfbb05df6f4","method":"GET","url":"/api/notifications/unread-count","remoteAddress":"::1"},"res":{"statusCode":304},"responseTime":581,"msg":"GET /unread-count 304"}
{"level":30,"time":"2026-09-22T19:02:47.219Z","service":"reddington-server","env":"development","req":{"id":"d2e64d4d-5dae-45f9-8594-1e5a03e2926f","method":"GET","url":"/api/users/wishlist","remoteAddress":"::1"},"res":{"statusCode":304},"responseTime":603,"msg":"GET /wishlist 304"}
{"level":30,"time":"2026-09-22T19:02:47.497Z","service":"reddington-server","env":"development","req":{"id":"3e8e5827-a38b-4ee4-bc2a-13a8912088b0","method":"POST","url":"/api/analytics/events","remoteAddress":"::1"},"res":{"statusCode":201},"responseTime":596,"msg":"POST /events 201"}
{"level":30,"time":"2026-09-22T19:02:47.501Z","service":"reddington-server","env":"development","req":{"id":"016cce58-2ea3-4c35-ab61-f3ca48aa1fff","method":"GET","url":"/api/cart","remoteAddress":"::1"},"res":{"statusCode":304},"responseTime":885,"msg":"GET / 304"}
{"level":30,"time":"2026-09-22T19:02:47.508Z","service":"reddington-server","env":"development","req":{"id":"7add7208-c737-42db-893b-09ae689b7d5c","method":"GET","url":"/api/products?sort=rating&limit=8","remoteAddress":"::1"},"res":{"statusCode":304},"responseTime":894,"msg":"GET /?sort=rating&limit=8 304"}
{"level":30,"time":"2026-09-22T19:02:47.821Z","service":"reddington-server","env":"development","req":{"id":"f2c2f9cd-4c88-447a-9932-94604083f366","method":"POST","url":"/api/analytics/events","remoteAddress":"::1"},"res":{"statusCode":201},"responseTime":619,"msg":"POST /events 201"}
{"level":30,"time":"2026-09-22T19:02:47.827Z","service":"reddington-server","env":"development","req":{"id":"77f26b02-cdd8-4f65-81b3-560745f0d1f1","method":"POST","url":"/api/analytics/events","remoteAddress":"::1"},"res":{"statusCode":201},"responseTime":603,"msg":"POST /events 201"}
{"level":30,"time":"2026-09-22T19:02:48.188Z","service":"reddington-server","env":"development","req":{"id":"ce613262-bcce-41e3-a522-75c30991dd69","method":"GET","url":"/api/recommendations","remoteAddress":"::1"},"res":{"statusCode":304},"responseTime":1575,"msg":"GET / 304"}
{"level":30,"time":"2026-09-22T19:03:31.687Z","service":"reddington-server","env":"development","req":{"id":"2c27536a-fa3d-4fa0-8dda-ddafa9e3361e","method":"GET","url":"/api/auth/me","remoteAddress":"::1"},"res":{"statusCode":304},"responseTime":601,"msg":"GET /me 304"}
{"level":30,"time":"2026-09-22T19:03:32.016Z","service":"reddington-server","env":"development","req":{"id":"efbd79ab-8fb0-498a-bd9d-c6fac723efb3","method":"GET","url":"/api/auth/me","remoteAddress":"::1"},"res":{"statusCode":304},"responseTime":326,"msg":"GET /me 304"}
{"level":30,"time":"2026-09-22T19:03:32.598Z","service":"reddington-server","env":"development","req":{"id":"d0fc9b5c-5d78-4ae0-87a8-d2ef234d3b5d","method":"GET","url":"/api/notifications/unread-count","remoteAddress":"::1"},"res":{"statusCode":304},"responseTime":872,"msg":"GET /unread-count 304"}
{"level":30,"time":"2026-09-22T19:03:32.598Z","service":"reddington-server","env":"development","req":{"id":"4c5a650e-b30b-46e6-b48e-0936dee5bb56","method":"GET","url":"/api/cart","remoteAddress":"::1"},"res":{"statusCode":304},"responseTime":873,"msg":"GET / 304"}
{"level":30,"time":"2026-09-22T19:03:32.608Z","service":"reddington-server","env":"development","req":{"id":"b2a8525a-7d92-45bf-bfa4-4305057b5151","method":"GET","url":"/api/products?sort=rating&limit=8","remoteAddress":"::1"},"res":{"statusCode":304},"responseTime":884,"msg":"GET /?sort=rating&limit=8 304"}
{"level":30,"time":"2026-09-22T19:03:32.609Z","service":"reddington-server","env":"development","req":{"id":"e0656941-17ab-490d-8d64-87d8a2df8607","method":"GET","url":"/api/users/wishlist","remoteAddress":"::1"},"res":{"statusCode":304},"responseTime":884,"msg":"GET /wishlist 304"}
{"level":30,"time":"2026-09-22T19:03:32.616Z","service":"reddington-server","env":"development","req":{"id":"82395f6d-d09e-4a4a-aff3-72386cbc7ab0","method":"POST","url":"/api/analytics/events","remoteAddress":"::1"},"res":{"statusCode":201},"responseTime":597,"msg":"POST /events 201"}
{"level":30,"time":"2026-09-22T19:03:32.926Z","service":"reddington-server","env":"development","req":{"id":"d0fb090e-9541-45f3-9f44-d129356da712","method":"POST","url":"/api/analytics/events","remoteAddress":"::1"},"res":{"statusCode":201},"responseTime":322,"msg":"POST /events 201"}
{"level":30,"time":"2026-09-22T19:03:32.927Z","service":"reddington-server","env":"development","req":{"id":"82640bde-74a4-4a2c-8fe2-1a09a66b7513","method":"POST","url":"/api/analytics/events","remoteAddress":"::1"},"res":{"statusCode":201},"responseTime":324,"msg":"POST /events 201"}
{"level":30,"time":"2026-09-22T19:03:33.976Z","service":"reddington-server","env":"development","req":{"id":"be12caa6-805c-4420-b38c-4737d96e7a5f","method":"GET","url":"/api/recommendations","remoteAddress":"::1"},"res":{"statusCode":304},"responseTime":2254,"msg":"GET / 304"}
{"level":30,"time":"2026-09-22T19:07:13.657Z","service":"reddington-server","env":"development","req":{"id":"c19a6122-0088-4533-b3af-9f1136cda1f5","method":"GET","url":"/api/auth/me","remoteAddress":"::1"},"res":{"statusCode":304},"responseTime":878,"msg":"GET /me 304"}
{"level":30,"time":"2026-09-22T19:07:13.957Z","service":"reddington-server","env":"development","req":{"id":"082efb34-1892-4bf5-b695-113416ffccfa","method":"GET","url":"/api/auth/me","remoteAddress":"::1"},"res":{"statusCode":304},"responseTime":297,"msg":"GET /me 304"}
{"level":30,"time":"2026-09-22T19:07:14.557Z","service":"reddington-server","env":"development","req":{"id":"ee90ccfd-0ed3-4421-8d7c-905ab94ff5db","method":"POST","url":"/api/analytics/events","remoteAddress":"::1"},"res":{"statusCode":201},"responseTime":596,"msg":"POST /events 201"}
{"level":30,"time":"2026-09-22T19:07:14.852Z","service":"reddington-server","env":"development","req":{"id":"ba76d1da-dd45-411e-a9a5-65a953126a23","method":"POST","url":"/api/analytics/events","remoteAddress":"::1"},"res":{"statusCode":201},"responseTime":292,"msg":"POST /events 201"}
{"level":30,"time":"2026-09-22T19:07:15.157Z","service":"reddington-server","env":"development","req":{"id":"3a3cf15f-0445-4dec-90fe-697204d3546d","method":"POST","url":"/api/analytics/events","remoteAddress":"::1"},"res":{"statusCode":201},"responseTime":298,"msg":"POST /events 201"}
{"level":30,"time":"2026-09-22T19:07:16.477Z","service":"reddington-server","env":"development","req":{"id":"136533b4-2316-49d3-8034-2a878c0eba2c","method":"GET","url":"/api/cart","remoteAddress":"::1"},"res":{"statusCode":304},"responseTime":2781,"msg":"GET / 304"}
{"level":30,"time":"2026-09-22T19:07:16.478Z","service":"reddington-server","env":"development","req":{"id":"205e5c7d-a8c6-4c7b-9ec2-bdee6be3c8ef","method":"GET","url":"/api/users/wishlist","remoteAddress":"::1"},"res":{"statusCode":304},"responseTime":2784,"msg":"GET /wishlist 304"}
{"level":30,"time":"2026-09-22T19:07:16.480Z","service":"reddington-server","env":"development","req":{"id":"c7bcc7f8-aa75-4b43-bf00-e4b936beb3df","method":"GET","url":"/api/notifications/unread-count","remoteAddress":"::1"},"res":{"statusCode":304},"responseTime":2783,"msg":"GET /unread-count 304"}
{"level":30,"time":"2026-09-22T19:07:16.482Z","service":"reddington-server","env":"development","req":{"id":"3d58c951-b3ab-4126-a2d7-ddfadf517732","method":"GET","url":"/api/products?sort=rating&limit=8","remoteAddress":"::1"},"res":{"statusCode":304},"responseTime":2789,"msg":"GET /?sort=rating&limit=8 304"}
{"level":30,"time":"2026-09-22T19:07:17.367Z","service":"reddington-server","env":"development","req":{"id":"c326dc55-0874-4711-8945-d4e080e3729a","method":"GET","url":"/api/recommendations","remoteAddress":"::1"},"res":{"statusCode":304},"responseTime":3676,"msg":"GET / 304"}
{"level":50,"time":"2026-09-22T19:16:52.369Z","service":"reddington-server","env":"development","module":"dsar-worker","err":{"type":"PrismaClientKnownRequestError","message":"\nInvalid `prisma.dsarRequest.findMany()` invocation:\n\n\nCan't reach database server at `ep-odd-dawn-aue5pi7n-pooler.c-10.us-east-1.aws.neon.tech:5432`\n\nPlease make sure your database server is running at `ep-odd-dawn-aue5pi7n-pooler.c-10.us-east-1.aws.neon.tech:5432`.","stack":"PrismaClientKnownRequestError: \nInvalid `prisma.dsarRequest.findMany()` invocation:\n\n\nCan't reach database server at `ep-odd-dawn-aue5pi7n-pooler.c-10.us-east-1.aws.neon.tech:5432`\n\nPlease make sure your database server is running at `ep-odd-dawn-aue5pi7n-pooler.c-10.us-east-1.aws.neon.tech:5432`.\n    at ei.handleRequestError (C:\\Users\\subha\\Downloads\\Reddington-demo\\server\\node_modules\\@prisma\\client\\runtime\\library.js:121:7268)\n    at ei.handleAndLogRequestError (C:\\Users\\subha\\Downloads\\Reddington-demo\\server\\node_modules\\@prisma\\client\\runtime\\library.js:121:6593)\n    at ei.request (C:\\Users\\subha\\Downloads\\Reddington-demo\\server\\node_modules\\@prisma\\client\\runtime\\library.js:121:6300)\n    at async a (C:\\Users\\subha\\Downloads\\Reddington-demo\\server\\node_modules\\@prisma\\client\\runtime\\library.js:130:9551)\n    at async processPending (file:///C:/Users/subha/Downloads/Reddington-demo/server/src/modules/dsar/processor.js:268:19)\n    at async Timeout.tick [as _onTimeout] (file:///C:/Users/subha/Downloads/Reddington-demo/server/src/jobs/dsarWorker.js:16:20)","code":"P1001","meta":{"modelName":"DsarRequest","database_location":"ep-odd-dawn-aue5pi7n-pooler.c-10.us-east-1.aws.neon.tech:5432"},"clientVersion":"6.19.3","name":"PrismaClientKnownRequestError"},"msg":"tick failed"}
{"level":50,"time":"2026-09-22T19:16:53.719Z","service":"reddington-server","env":"development","req":{"id":"9abf7d48-3f04-42f6-9ed8-f093300c8d4a","method":"GET","url":"/api/auth/me","remoteAddress":"::1"},"userId":"cmu7e59q800005a94khnyrjdw","err":{"type":"PrismaClientKnownRequestError","message":"\nInvalid `prisma.user.findUnique()` invocation:\n\n\nCan't reach database server at `ep-odd-dawn-aue5pi7n-pooler.c-10.us-east-1.aws.neon.tech:5432`\n\nPlease make sure your database server is running at `ep-odd-dawn-aue5pi7n-pooler.c-10.us-east-1.aws.neon.tech:5432`.","stack":"PrismaClientKnownRequestError: \nInvalid `prisma.user.findUnique()` invocation:\n\n\nCan't reach database server at `ep-odd-dawn-aue5pi7n-pooler.c-10.us-east-1.aws.neon.tech:5432`\n\nPlease make sure your database server is running at `ep-odd-dawn-aue5pi7n-pooler.c-10.us-east-1.aws.neon.tech:5432`.\n    at ei.handleRequestError (C:\\Users\\subha\\Downloads\\Reddington-demo\\server\\node_modules\\@prisma\\client\\runtime\\library.js:121:7268)\n    at ei.handleAndLogRequestError (C:\\Users\\subha\\Downloads\\Reddington-demo\\server\\node_modules\\@prisma\\client\\runtime\\library.js:121:6593)\n    at ei.request (C:\\Users\\subha\\Downloads\\Reddington-demo\\server\\node_modules\\@prisma\\client\\runtime\\library.js:121:6300)\n    at async a (C:\\Users\\subha\\Downloads\\Reddington-demo\\server\\node_modules\\@prisma\\client\\runtime\\library.js:130:9551)\n    at async file:///C:/Users/subha/Downloads/Reddington-demo/server/src/modules/auth/routes.js:49:18","code":"P1001","meta":{"modelName":"User","database_location":"ep-odd-dawn-aue5pi7n-pooler.c-10.us-east-1.aws.neon.tech:5432"},"clientVersion":"6.19.3","name":"PrismaClientKnownRequestError"},"status":500,"msg":"unhandled error"}
{"level":50,"time":"2026-09-22T19:16:53.721Z","service":"reddington-server","env":"development","req":{"id":"9abf7d48-3f04-42f6-9ed8-f093300c8d4a","method":"GET","url":"/api/auth/me","remoteAddress":"::1"},"res":{"statusCode":500},"err":{"type":"Error","message":"failed with status code 500","stack":"Error: failed with status code 500\n    at onResFinished (C:\\Users\\subha\\Downloads\\Reddington-demo\\server\\node_modules\\pino-http\\logger.js:115:39)\n    at ServerResponse.onResponseComplete (C:\\Users\\subha\\Downloads\\Reddington-demo\\server\\node_modules\\pino-http\\logger.js:178:14)\n    at ServerResponse.emit (node:events:521:24)\n    at onFinish (node:_http_outgoing:1031:10)\n    at callback (node:internal/streams/writable:763:21)\n    at afterWrite (node:internal/streams/writable:707:5)\n    at afterWriteTick (node:internal/streams/writable:693:10)\n    at process.processTicksAndRejections (node:internal/process/task_queues:89:21)"},"responseTime":7,"msg":"GET /api/auth/me 500 failed with status code 500"}
{"level":50,"time":"2026-09-22T19:16:53.732Z","service":"reddington-server","env":"development","req":{"id":"829198d1-3069-40ae-8289-56748ad07dd7","method":"GET","url":"/api/auth/me","remoteAddress":"::1"},"userId":"cmu7e59q800005a94khnyrjdw","err":{"type":"PrismaClientKnownRequestError","message":"\nInvalid `prisma.user.findUnique()` invocation:\n\n\nCan't reach database server at `ep-odd-dawn-aue5pi7n-pooler.c-10.us-east-1.aws.neon.tech:5432`\n\nPlease make sure your database server is running at `ep-odd-dawn-aue5pi7n-pooler.c-10.us-east-1.aws.neon.tech:5432`.","stack":"PrismaClientKnownRequestError: \nInvalid `prisma.user.findUnique()` invocation:\n\n\nCan't reach database server at `ep-odd-dawn-aue5pi7n-pooler.c-10.us-east-1.aws.neon.tech:5432`\n\nPlease make sure your database server is running at `ep-odd-dawn-aue5pi7n-pooler.c-10.us-east-1.aws.neon.tech:5432`.\n    at ei.handleRequestError (C:\\Users\\subha\\Downloads\\Reddington-demo\\server\\node_modules\\@prisma\\client\\runtime\\library.js:121:7268)\n    at ei.handleAndLogRequestError (C:\\Users\\subha\\Downloads\\Reddington-demo\\server\\node_modules\\@prisma\\client\\runtime\\library.js:121:6593)\n    at ei.request (C:\\Users\\subha\\Downloads\\Reddington-demo\\server\\node_modules\\@prisma\\client\\runtime\\library.js:121:6300)\n    at async a (C:\\Users\\subha\\Downloads\\Reddington-demo\\server\\node_modules\\@prisma\\client\\runtime\\library.js:130:9551)\n    at async file:///C:/Users/subha/Downloads/Reddington-demo/server/src/modules/auth/routes.js:49:18","code":"P1001","meta":{"modelName":"User","database_location":"ep-odd-dawn-aue5pi7n-pooler.c-10.us-east-1.aws.neon.tech:5432"},"clientVersion":"6.19.3","name":"PrismaClientKnownRequestError"},"status":500,"msg":"unhandled error"}
{"level":50,"time":"2026-09-22T19:16:53.733Z","service":"reddington-server","env":"development","req":{"id":"829198d1-3069-40ae-8289-56748ad07dd7","method":"GET","url":"/api/auth/me","remoteAddress":"::1"},"res":{"statusCode":500},"err":{"type":"Error","message":"failed with status code 500","stack":"Error: failed with status code 500\n    at onResFinished (C:\\Users\\subha\\Downloads\\Reddington-demo\\server\\node_modules\\pino-http\\logger.js:115:39)\n    at ServerResponse.onResponseComplete (C:\\Users\\subha\\Downloads\\Reddington-demo\\server\\node_modules\\pino-http\\logger.js:178:14)\n    at ServerResponse.emit (node:events:521:24)\n    at onFinish (node:_http_outgoing:1031:10)\n    at callback (node:internal/streams/writable:763:21)\n    at afterWrite (node:internal/streams/writable:707:5)\n    at afterWriteTick (node:internal/streams/writable:693:10)\n    at process.processTicksAndRejections (node:internal/process/task_queues:89:21)"},"responseTime":6,"msg":"GET /api/auth/me 500 failed with status code 500"}
{"level":50,"time":"2026-09-23T03:36:53.643Z","service":"reddington-server","env":"development","module":"dsar-worker","err":{"type":"PrismaClientKnownRequestError","message":"\nInvalid `prisma.dsarRequest.findMany()` invocation:\n\n\nCan't reach database server at `ep-odd-dawn-aue5pi7n-pooler.c-10.us-east-1.aws.neon.tech:5432`\n\nPlease make sure your database server is running at `ep-odd-dawn-aue5pi7n-pooler.c-10.us-east-1.aws.neon.tech:5432`.","stack":"PrismaClientKnownRequestError: \nInvalid `prisma.dsarRequest.findMany()` invocation:\n\n\nCan't reach database server at `ep-odd-dawn-aue5pi7n-pooler.c-10.us-east-1.aws.neon.tech:5432`\n\nPlease make sure your database server is running at `ep-odd-dawn-aue5pi7n-pooler.c-10.us-east-1.aws.neon.tech:5432`.\n    at ei.handleRequestError (C:\\Users\\subha\\Downloads\\Reddington-demo\\server\\node_modules\\@prisma\\client\\runtime\\library.js:121:7268)\n    at ei.handleAndLogRequestError (C:\\Users\\subha\\Downloads\\Reddington-demo\\server\\node_modules\\@prisma\\client\\runtime\\library.js:121:6593)\n    at ei.request (C:\\Users\\subha\\Downloads\\Reddington-demo\\server\\node_modules\\@prisma\\client\\runtime\\library.js:121:6300)\n    at async a (C:\\Users\\subha\\Downloads\\Reddington-demo\\server\\node_modules\\@prisma\\client\\runtime\\library.js:130:9551)\n    at async processPending (file:///C:/Users/subha/Downloads/Reddington-demo/server/src/modules/dsar/processor.js:268:19)\n    at async Timeout.tick [as _onTimeout] (file:///C:/Users/subha/Downloads/Reddington-demo/server/src/jobs/dsarWorker.js:16:20)","code":"P1001","meta":{"modelName":"DsarRequest","database_location":"ep-odd-dawn-aue5pi7n-pooler.c-10.us-east-1.aws.neon.tech:5432"},"clientVersion":"6.19.3","name":"PrismaClientKnownRequestError"},"msg":"tick failed"}
{"level":50,"time":"2026-09-23T05:19:03.835Z","service":"reddington-server","env":"development","module":"dsar-worker","err":{"type":"PrismaClientKnownRequestError","message":"\nInvalid `prisma.dsarRequest.findMany()` invocation:\n\n\nCan't reach database server at `ep-odd-dawn-aue5pi7n-pooler.c-10.us-east-1.aws.neon.tech:5432`\n\nPlease make sure your database server is running at `ep-odd-dawn-aue5pi7n-pooler.c-10.us-east-1.aws.neon.tech:5432`.","stack":"PrismaClientKnownRequestError: \nInvalid `prisma.dsarRequest.findMany()` invocation:\n\n\nCan't reach database server at `ep-odd-dawn-aue5pi7n-pooler.c-10.us-east-1.aws.neon.tech:5432`\n\nPlease make sure your database server is running at `ep-odd-dawn-aue5pi7n-pooler.c-10.us-east-1.aws.neon.tech:5432`.\n    at ei.handleRequestError (C:\\Users\\subha\\Downloads\\Reddington-demo\\server\\node_modules\\@prisma\\client\\runtime\\library.js:121:7268)\n    at ei.handleAndLogRequestError (C:\\Users\\subha\\Downloads\\Reddington-demo\\server\\node_modules\\@prisma\\client\\runtime\\library.js:121:6593)\n    at ei.request (C:\\Users\\subha\\Downloads\\Reddington-demo\\server\\node_modules\\@prisma\\client\\runtime\\library.js:121:6300)\n    at async a (C:\\Users\\subha\\Downloads\\Reddington-demo\\server\\node_modules\\@prisma\\client\\runtime\\library.js:130:9551)\n    at async processPending (file:///C:/Users/subha/Downloads/Reddington-demo/server/src/modules/dsar/processor.js:268:19)\n    at async Timeout.tick [as _onTimeout] (file:///C:/Users/subha/Downloads/Reddington-demo/server/src/jobs/dsarWorker.js:16:20)","code":"P1001","meta":{"modelName":"DsarRequest","database_location":"ep-odd-dawn-aue5pi7n-pooler.c-10.us-east-1.aws.neon.tech:5432"},"clientVersion":"6.19.3","name":"PrismaClientKnownRequestError"},"msg":"tick failed"}
{"level":30,"time":"2026-09-23T06:16:17.318Z","service":"reddington-server","env":"development","req":{"id":"9455ddfa-c117-455b-9b26-a40d5b25123c","method":"GET","url":"/api/auth/me","remoteAddress":"::1"},"res":{"statusCode":200},"responseTime":554,"msg":"GET /me 200"}
{"level":30,"time":"2026-09-23T06:16:17.572Z","service":"reddington-server","env":"development","req":{"id":"872b1ae8-bd49-4ace-acaf-7275dea1b4f1","method":"GET","url":"/api/auth/me","remoteAddress":"::1"},"res":{"statusCode":304},"responseTime":251,"msg":"GET /me 304"}
{"level":30,"time":"2026-09-23T06:32:06.096Z","service":"reddington-server","env":"development","req":{"id":"95043f05-3247-4c50-8618-a7e66250a43a","method":"GET","url":"/api/auth/me","remoteAddress":"::1"},"res":{"statusCode":200},"responseTime":544,"msg":"GET /me 200"}
{"level":30,"time":"2026-09-23T06:32:06.370Z","service":"reddington-server","env":"development","req":{"id":"d2932540-ffa4-4675-8e6e-f4d9f5b39983","method":"GET","url":"/api/auth/me","remoteAddress":"::1"},"res":{"statusCode":304},"responseTime":270,"msg":"GET /me 304"}
{"level":30,"time":"2026-09-23T06:33:05.463Z","service":"reddington-server","env":"development","req":{"id":"2b7d6eed-2b3f-4c5e-b28f-025307663ca2","method":"GET","url":"/api/auth/me","remoteAddress":"::1"},"res":{"statusCode":304},"responseTime":258,"msg":"GET /me 304"}
{"level":30,"time":"2026-09-23T06:33:05.723Z","service":"reddington-server","env":"development","req":{"id":"a7af7db4-d62e-4209-9d42-11c09126ea7f","method":"GET","url":"/api/auth/me","remoteAddress":"::1"},"res":{"statusCode":304},"responseTime":256,"msg":"GET /me 304"}
{"level":30,"time":"2026-09-23T06:34:05.419Z","service":"reddington-server","env":"development","req":{"id":"8f234218-7797-4f45-9f92-513ee0ad328a","method":"GET","url":"/api/auth/me","remoteAddress":"::1"},"res":{"statusCode":304},"responseTime":257,"msg":"GET /me 304"}
{"level":30,"time":"2026-09-23T06:34:05.691Z","service":"reddington-server","env":"development","req":{"id":"d9271f0c-5e0b-4516-bde0-6df0e5e91989","method":"GET","url":"/api/auth/me","remoteAddress":"::1"},"res":{"statusCode":304},"responseTime":263,"msg":"GET /me 304"}
{"level":50,"time":"2026-09-23T06:34:35.997Z","service":"reddington-server","env":"development","module":"dsar-worker","err":{"type":"PrismaClientKnownRequestError","message":"\nInvalid `prisma.dsarRequest.findMany()` invocation:\n\n\nCan't reach database server at `ep-odd-dawn-aue5pi7n-pooler.c-10.us-east-1.aws.neon.tech:5432`\n\nPlease make sure your database server is running at `ep-odd-dawn-aue5pi7n-pooler.c-10.us-east-1.aws.neon.tech:5432`.","stack":"PrismaClientKnownRequestError: \nInvalid `prisma.dsarRequest.findMany()` invocation:\n\n\nCan't reach database server at `ep-odd-dawn-aue5pi7n-pooler.c-10.us-east-1.aws.neon.tech:5432`\n\nPlease make sure your database server is running at `ep-odd-dawn-aue5pi7n-pooler.c-10.us-east-1.aws.neon.tech:5432`.\n    at ei.handleRequestError (C:\\Users\\subha\\Downloads\\Reddington-demo\\server\\node_modules\\@prisma\\client\\runtime\\library.js:121:7268)\n    at ei.handleAndLogRequestError (C:\\Users\\subha\\Downloads\\Reddington-demo\\server\\node_modules\\@prisma\\client\\runtime\\library.js:121:6593)\n    at ei.request (C:\\Users\\subha\\Downloads\\Reddington-demo\\server\\node_modules\\@prisma\\client\\runtime\\library.js:121:6300)\n    at async a (C:\\Users\\subha\\Downloads\\Reddington-demo\\server\\node_modules\\@prisma\\client\\runtime\\library.js:130:9551)\n    at async processPending (file:///C:/Users/subha/Downloads/Reddington-demo/server/src/modules/dsar/processor.js:268:19)\n    at async Timeout.tick [as _onTimeout] (file:///C:/Users/subha/Downloads/Reddington-demo/server/src/jobs/dsarWorker.js:16:20)","code":"P1001","meta":{"modelName":"DsarRequest","database_location":"ep-odd-dawn-aue5pi7n-pooler.c-10.us-east-1.aws.neon.tech:5432"},"clientVersion":"6.19.3","name":"PrismaClientKnownRequestError"},"msg":"tick failed"}
{"level":30,"time":"2026-09-23T06:35:10.413Z","service":"reddington-server","env":"development","req":{"id":"331a491d-6180-495f-8136-1567c528b530","method":"GET","url":"/api/auth/me","remoteAddress":"::1"},"res":{"statusCode":304},"responseTime":5263,"msg":"GET /me 304"}
{"level":30,"time":"2026-09-23T06:35:10.705Z","service":"reddington-server","env":"development","req":{"id":"dfb2fe8c-26b7-46ca-9809-8c1d2051ed30","method":"GET","url":"/api/auth/me","remoteAddress":"::1"},"res":{"statusCode":304},"responseTime":282,"msg":"GET /me 304"}
{"level":30,"time":"2026-09-23T06:36:05.431Z","service":"reddington-server","env":"development","req":{"id":"27685478-1628-4aef-80ef-ad7f12f58356","method":"GET","url":"/api/auth/me","remoteAddress":"::1"},"res":{"statusCode":304},"responseTime":270,"msg":"GET /me 304"}
{"level":30,"time":"2026-09-23T06:36:05.684Z","service":"reddington-server","env":"development","req":{"id":"ae8d9939-b7f9-444a-b626-61b4385d69f7","method":"GET","url":"/api/auth/me","remoteAddress":"::1"},"res":{"statusCode":304},"responseTime":249,"msg":"GET /me 304"}
{"level":30,"time":"2026-09-23T06:37:05.412Z","service":"reddington-server","env":"development","req":{"id":"53d0cf98-1d81-440d-98ac-8e47e43c289e","method":"GET","url":"/api/auth/me","remoteAddress":"::1"},"res":{"statusCode":304},"responseTime":251,"msg":"GET /me 304"}
{"level":30,"time":"2026-09-23T06:37:05.670Z","service":"reddington-server","env":"development","req":{"id":"f4f6abda-c3e6-4292-829c-849bc63526d0","method":"GET","url":"/api/auth/me","remoteAddress":"::1"},"res":{"statusCode":304},"responseTime":254,"msg":"GET /me 304"}
{"level":30,"time":"2026-09-23T06:38:05.418Z","service":"reddington-server","env":"development","req":{"id":"1b220dd9-e1b7-4054-80ad-15dfeada1332","method":"GET","url":"/api/auth/me","remoteAddress":"::1"},"res":{"statusCode":304},"responseTime":253,"msg":"GET /me 304"}
{"level":30,"time":"2026-09-23T06:38:05.672Z","service":"reddington-server","env":"development","req":{"id":"95cfba5b-fb01-4331-8c9c-c1947e8f28bd","method":"GET","url":"/api/auth/me","remoteAddress":"::1"},"res":{"statusCode":304},"responseTime":248,"msg":"GET /me 304"}
{"level":30,"time":"2026-09-23T06:39:05.413Z","service":"reddington-server","env":"development","req":{"id":"324b9a5d-7b73-4fb6-bba3-4fdb8b64c968","method":"GET","url":"/api/auth/me","remoteAddress":"::1"},"res":{"statusCode":304},"responseTime":246,"msg":"GET /me 304"}
{"level":30,"time":"2026-09-23T06:39:05.667Z","service":"reddington-server","env":"development","req":{"id":"337616cf-bc7e-4b46-8984-e6b22850db72","method":"GET","url":"/api/auth/me","remoteAddress":"::1"},"res":{"statusCode":304},"responseTime":250,"msg":"GET /me 304"}
{"level":30,"time":"2026-09-23T06:40:05.417Z","service":"reddington-server","env":"development","req":{"id":"bf492ddf-c163-4033-aa2f-0122f14f05a8","method":"GET","url":"/api/auth/me","remoteAddress":"::1"},"res":{"statusCode":304},"responseTime":253,"msg":"GET /me 304"}
{"level":30,"time":"2026-09-23T06:40:05.671Z","service":"reddington-server","env":"development","req":{"id":"7ac34235-0fd3-40ee-8db5-4ec242979dfe","method":"GET","url":"/api/auth/me","remoteAddress":"::1"},"res":{"statusCode":304},"responseTime":251,"msg":"GET /me 304"}
{"level":30,"time":"2026-09-23T06:41:05.643Z","service":"reddington-server","env":"development","req":{"id":"812cbc6b-2177-4879-aa60-bae6443fa65c","method":"GET","url":"/api/auth/me","remoteAddress":"::1"},"res":{"statusCode":304},"responseTime":488,"msg":"GET /me 304"}
{"level":30,"time":"2026-09-23T06:41:05.898Z","service":"reddington-server","env":"development","req":{"id":"070f49bb-8109-4380-bee0-c1862572133b","method":"GET","url":"/api/auth/me","remoteAddress":"::1"},"res":{"statusCode":304},"responseTime":250,"msg":"GET /me 304"}
{"level":30,"time":"2026-09-23T06:42:05.415Z","service":"reddington-server","env":"development","req":{"id":"61c302b0-de23-4312-a682-9885202d36a4","method":"GET","url":"/api/auth/me","remoteAddress":"::1"},"res":{"statusCode":304},"responseTime":243,"msg":"GET /me 304"}
{"level":30,"time":"2026-09-23T06:42:05.662Z","service":"reddington-server","env":"development","req":{"id":"40ba903e-7727-4712-8289-af8ec00ff9be","method":"GET","url":"/api/auth/me","remoteAddress":"::1"},"res":{"statusCode":304},"responseTime":243,"msg":"GET /me 304"}
{"level":30,"time":"2026-09-23T06:43:05.422Z","service":"reddington-server","env":"development","req":{"id":"f931ea56-ba23-4087-a39c-1864d054a3b4","method":"GET","url":"/api/auth/me","remoteAddress":"::1"},"res":{"statusCode":304},"responseTime":257,"msg":"GET /me 304"}
{"level":30,"time":"2026-09-23T06:43:05.674Z","service":"reddington-server","env":"development","req":{"id":"e033fe99-dbe9-4dca-b775-4b5d274bd1cf","method":"GET","url":"/api/auth/me","remoteAddress":"::1"},"res":{"statusCode":304},"responseTime":249,"msg":"GET /me 304"}
{"level":30,"time":"2026-09-23T06:44:05.396Z","service":"reddington-server","env":"development","req":{"id":"a710760b-6065-4e0c-a51f-93e2c30c597f","method":"GET","url":"/api/auth/me","remoteAddress":"::1"},"res":{"statusCode":304},"responseTime":242,"msg":"GET /me 304"}
{"level":30,"time":"2026-09-23T06:44:05.652Z","service":"reddington-server","env":"development","req":{"id":"ab38b658-f8df-4f06-a350-62052b6d12a5","method":"GET","url":"/api/auth/me","remoteAddress":"::1"},"res":{"statusCode":304},"responseTime":253,"msg":"GET /me 304"}
{"level":30,"time":"2026-09-23T06:44:44.095Z","service":"reddington-server","env":"development","req":{"id":"ebf2179d-6473-472c-8aa3-fc082193f368","method":"GET","url":"/api/auth/me","remoteAddress":"::1"},"res":{"statusCode":304},"responseTime":242,"msg":"GET /me 304"}
{"level":30,"time":"2026-09-23T06:44:44.342Z","service":"reddington-server","env":"development","req":{"id":"d118627c-6af8-4f36-992a-293e9a8b6fa8","method":"GET","url":"/api/auth/me","remoteAddress":"::1"},"res":{"statusCode":304},"responseTime":241,"msg":"GET /me 304"}
{"level":30,"time":"2026-09-23T06:46:07.539Z","service":"reddington-server","env":"development","req":{"id":"7e7c0290-198e-449f-87ff-5c56b26b0a98","method":"GET","url":"/api/auth/me","remoteAddress":"::1"},"res":{"statusCode":304},"responseTime":2373,"msg":"GET /me 304"}
{"level":30,"time":"2026-09-23T06:46:07.785Z","service":"reddington-server","env":"development","req":{"id":"f94595de-36cf-4c42-817d-22edab8d80ed","method":"GET","url":"/api/auth/me","remoteAddress":"::1"},"res":{"statusCode":304},"responseTime":243,"msg":"GET /me 304"}
{"level":30,"time":"2026-09-23T06:46:44.302Z","service":"reddington-server","env":"development","req":{"id":"a00db4ad-24c9-4702-bf8b-6a25fb13e15f","method":"GET","url":"/api/auth/me","remoteAddress":"::1"},"res":{"statusCode":304},"responseTime":244,"msg":"GET /me 304"}
{"level":30,"time":"2026-09-23T06:46:44.550Z","service":"reddington-server","env":"development","req":{"id":"7709203e-1ef1-4154-9ce6-1cf0ce20ea55","method":"GET","url":"/api/auth/me","remoteAddress":"::1"},"res":{"statusCode":304},"responseTime":244,"msg":"GET /me 304"}
{"level":30,"time":"2026-09-23T06:49:05.445Z","service":"reddington-server","env":"development","req":{"id":"6596ead5-5740-4d85-b8f1-6333cb50ecfb","method":"GET","url":"/api/auth/me","remoteAddress":"::1"},"res":{"statusCode":304},"responseTime":244,"msg":"GET /me 304"}
{"level":30,"time":"2026-09-23T06:49:05.692Z","service":"reddington-server","env":"development","req":{"id":"17247573-0314-4235-be79-652076572963","method":"GET","url":"/api/auth/me","remoteAddress":"::1"},"res":{"statusCode":304},"responseTime":244,"msg":"GET /me 304"}
{"level":30,"time":"2026-09-23T06:49:44.608Z","service":"reddington-server","env":"development","req":{"id":"970a0242-46c0-43e3-a98a-c752d462aede","method":"GET","url":"/api/auth/me","remoteAddress":"::1"},"res":{"statusCode":304},"responseTime":250,"msg":"GET /me 304"}
{"level":30,"time":"2026-09-23T06:49:44.859Z","service":"reddington-server","env":"development","req":{"id":"722d924d-9941-49b8-82e1-2bca02eb9ee1","method":"GET","url":"/api/auth/me","remoteAddress":"::1"},"res":{"statusCode":304},"responseTime":247,"msg":"GET /me 304"}
{"level":30,"time":"2026-09-23T06:51:05.400Z","service":"reddington-server","env":"development","req":{"id":"e7bd325a-94fc-4d64-83d5-c0ccd401a024","method":"GET","url":"/api/auth/me","remoteAddress":"::1"},"res":{"statusCode":304},"responseTime":243,"msg":"GET /me 304"}
{"level":30,"time":"2026-09-23T06:51:05.646Z","service":"reddington-server","env":"development","req":{"id":"3ddfbd55-6357-47f2-8592-4a335d52f442","method":"GET","url":"/api/auth/me","remoteAddress":"::1"},"res":{"statusCode":304},"responseTime":243,"msg":"GET /me 304"}
{"level":30,"time":"2026-09-23T06:52:05.748Z","service":"reddington-server","env":"development","req":{"id":"17d4ed4f-ee8c-4034-a32d-cbffa1d79986","method":"GET","url":"/api/auth/me","remoteAddress":"::1"},"res":{"statusCode":304},"responseTime":585,"msg":"GET /me 304"}
{"level":30,"time":"2026-09-23T06:52:06.046Z","service":"reddington-server","env":"development","req":{"id":"427f805f-e309-46d6-9a78-98530bc97dc0","method":"GET","url":"/api/auth/me","remoteAddress":"::1"},"res":{"statusCode":304},"responseTime":286,"msg":"GET /me 304"}
{"level":30,"time":"2026-09-23T06:53:05.385Z","service":"reddington-server","env":"development","req":{"id":"1bb7bd90-0a4f-43f4-ab31-c19a5b653c4d","method":"GET","url":"/api/auth/me","remoteAddress":"::1"},"res":{"statusCode":304},"responseTime":240,"msg":"GET /me 304"}
{"level":30,"time":"2026-09-23T06:53:05.643Z","service":"reddington-server","env":"development","req":{"id":"9f283001-ff94-486c-b409-6a450e34a8f0","method":"GET","url":"/api/auth/me","remoteAddress":"::1"},"res":{"statusCode":304},"responseTime":245,"msg":"GET /me 304"}
{"level":30,"time":"2026-09-23T06:54:05.400Z","service":"reddington-server","env":"development","req":{"id":"07aabfe7-c02d-4b52-b50d-9c150b493780","method":"GET","url":"/api/auth/me","remoteAddress":"::1"},"res":{"statusCode":304},"responseTime":241,"msg":"GET /me 304"}
{"level":30,"time":"2026-09-23T06:54:05.646Z","service":"reddington-server","env":"development","req":{"id":"2333cb24-03f8-4869-a0ab-52078d064bc4","method":"GET","url":"/api/auth/me","remoteAddress":"::1"},"res":{"statusCode":304},"responseTime":243,"msg":"GET /me 304"}
{"level":30,"time":"2026-09-23T06:55:05.529Z","service":"reddington-server","env":"development","req":{"id":"92568dbb-ac68-422f-a889-f2ba87e8c322","method":"GET","url":"/api/auth/me","remoteAddress":"::1"},"res":{"statusCode":304},"responseTime":354,"msg":"GET /me 304"}
{"level":30,"time":"2026-09-23T06:55:05.848Z","service":"reddington-server","env":"development","req":{"id":"d0eae72f-0109-4068-94b1-e0379784fc25","method":"GET","url":"/api/auth/me","remoteAddress":"::1"},"res":{"statusCode":304},"responseTime":316,"msg":"GET /me 304"}
{"level":30,"time":"2026-09-23T06:56:07.968Z","service":"reddington-server","env":"development","req":{"id":"19a327e8-3bf5-4507-b9b8-5740503ffdd3","method":"GET","url":"/api/auth/me","remoteAddress":"::1"},"res":{"statusCode":304},"responseTime":2805,"msg":"GET /me 304"}
{"level":30,"time":"2026-09-23T06:56:08.227Z","service":"reddington-server","env":"development","req":{"id":"a3bf3437-babd-4d96-9a97-460e47e4cc22","method":"GET","url":"/api/auth/me","remoteAddress":"::1"},"res":{"statusCode":304},"responseTime":253,"msg":"GET /me 304"}
{"level":30,"time":"2026-09-23T06:56:25.542Z","service":"reddington-server","env":"development","req":{"id":"b2e61fcf-0c41-4f95-a6f3-9b6475bbd39e","method":"GET","url":"/api/auth/me","remoteAddress":"::1"},"res":{"statusCode":304},"responseTime":480,"msg":"GET /me 304"}
{"level":30,"time":"2026-09-23T06:56:25.796Z","service":"reddington-server","env":"development","req":{"id":"d4bb5566-478f-473a-b7a1-e8458297e52d","method":"GET","url":"/api/auth/me","remoteAddress":"::1"},"res":{"statusCode":304},"responseTime":251,"msg":"GET /me 304"}
{"level":30,"time":"2026-09-23T06:59:01.061Z","service":"reddington-server","env":"development","req":{"id":"3e7f5c21-45a9-42d8-9060-bf03a7137a26","method":"GET","url":"/api/auth/me","remoteAddress":"::1"},"res":{"statusCode":304},"responseTime":486,"msg":"GET /me 304"}
{"level":30,"time":"2026-09-23T06:59:01.366Z","service":"reddington-server","env":"development","req":{"id":"09ffdb78-9ff3-4854-abac-ea6b04686405","method":"GET","url":"/api/auth/me","remoteAddress":"::1"},"res":{"statusCode":304},"responseTime":264,"msg":"GET /me 304"}
{"level":30,"time":"2026-09-23T06:59:10.846Z","service":"reddington-server","env":"development","req":{"id":"07243493-4395-4c89-9045-c23430f9a192","method":"GET","url":"/api/auth/me","remoteAddress":"::1"},"res":{"statusCode":304},"responseTime":253,"msg":"GET /me 304"}
{"level":30,"time":"2026-09-23T06:59:11.133Z","service":"reddington-server","env":"development","req":{"id":"8c65908f-0363-4906-9eac-6ac2e8d40837","method":"GET","url":"/api/auth/me","remoteAddress":"::1"},"res":{"statusCode":304},"responseTime":243,"msg":"GET /me 304"}
{"level":30,"time":"2026-09-23T07:05:10.364Z","service":"reddington-server","env":"development","req":{"id":"28c46e04-55ee-4ab2-b066-2f685d2ea6de","method":"GET","url":"/api/auth/me","remoteAddress":"::1"},"res":{"statusCode":304},"responseTime":4995,"msg":"GET /me 304"}
{"level":30,"time":"2026-09-23T07:05:10.938Z","service":"reddington-server","env":"development","req":{"id":"c2793838-b764-4bcd-80e3-c514288ed8a5","method":"GET","url":"/api/auth/me","remoteAddress":"::1"},"res":{"statusCode":304},"responseTime":568,"msg":"GET /me 304"}
{"level":30,"time":"2026-09-23T07:06:05.529Z","service":"reddington-server","env":"development","req":{"id":"f769e281-5668-4192-bb93-4b9fcbf7dbc3","method":"GET","url":"/api/auth/me","remoteAddress":"::1"},"res":{"statusCode":304},"responseTime":243,"msg":"GET /me 304"}
{"level":30,"time":"2026-09-23T07:06:05.781Z","service":"reddington-server","env":"development","req":{"id":"5e38a6dd-23af-438f-95f4-4cd5c7523f65","method":"GET","url":"/api/auth/me","remoteAddress":"::1"},"res":{"statusCode":304},"responseTime":245,"msg":"GET /me 304"}
{"level":30,"time":"2026-09-23T07:07:05.573Z","service":"reddington-server","env":"development","req":{"id":"1b2baf08-543d-4f37-87c4-1826716604d0","method":"GET","url":"/api/auth/me","remoteAddress":"::1"},"res":{"statusCode":304},"responseTime":269,"msg":"GET /me 304"}
{"level":30,"time":"2026-09-23T07:07:05.944Z","service":"reddington-server","env":"development","req":{"id":"7d37edb3-83b5-436d-83c8-9dd441d285d2","method":"GET","url":"/api/auth/me","remoteAddress":"::1"},"res":{"statusCode":304},"responseTime":364,"msg":"GET /me 304"}
{"level":30,"time":"2026-09-23T07:08:05.513Z","service":"reddington-server","env":"development","req":{"id":"00817254-13c2-48e2-9de3-3b0b048ab7b3","method":"GET","url":"/api/auth/me","remoteAddress":"::1"},"res":{"statusCode":304},"responseTime":243,"msg":"GET /me 304"}
{"level":30,"time":"2026-09-23T07:08:05.770Z","service":"reddington-server","env":"development","req":{"id":"e5283c89-a550-4014-9e39-58d685a94463","method":"GET","url":"/api/auth/me","remoteAddress":"::1"},"res":{"statusCode":304},"responseTime":251,"msg":"GET /me 304"}
{"level":30,"time":"2026-09-23T07:09:05.696Z","service":"reddington-server","env":"development","req":{"id":"d12b0b61-b003-4368-baa2-2824f77ee073","method":"GET","url":"/api/auth/me","remoteAddress":"::1"},"res":{"statusCode":304},"responseTime":352,"msg":"GET /me 304"}
{"level":30,"time":"2026-09-23T07:09:06.025Z","service":"reddington-server","env":"development","req":{"id":"0ad6dc7f-bf86-46ef-b810-1bb67bc2ae43","method":"GET","url":"/api/auth/me","remoteAddress":"::1"},"res":{"statusCode":304},"responseTime":323,"msg":"GET /me 304"}
{"level":30,"time":"2026-09-23T07:10:08.805Z","service":"reddington-server","env":"development","req":{"id":"d54c4bea-79f8-413c-8dcb-bb3df8dfb136","method":"GET","url":"/api/auth/me","remoteAddress":"::1"},"res":{"statusCode":304},"responseTime":3489,"msg":"GET /me 304"}
{"level":30,"time":"2026-09-23T07:10:09.080Z","service":"reddington-server","env":"development","req":{"id":"a8aa6e2b-0890-41b2-aaa9-b395a69cf840","method":"GET","url":"/api/auth/me","remoteAddress":"::1"},"res":{"statusCode":304},"responseTime":269,"msg":"GET /me 304"}
{"level":30,"time":"2026-09-23T07:11:07.710Z","service":"reddington-server","env":"development","req":{"id":"8571aaba-e5d2-4402-9a17-d2ebd7320204","method":"GET","url":"/api/auth/me","remoteAddress":"::1"},"res":{"statusCode":304},"responseTime":2412,"msg":"GET /me 304"}
{"level":30,"time":"2026-09-23T07:11:08.024Z","service":"reddington-server","env":"development","req":{"id":"b64a824c-2933-4207-9fac-ceee0ae20a4e","method":"GET","url":"/api/auth/me","remoteAddress":"::1"},"res":{"statusCode":304},"responseTime":308,"msg":"GET /me 304"}
{"level":30,"time":"2026-09-23T07:12:06.112Z","service":"reddington-server","env":"development","req":{"id":"786c1b33-d7d6-4337-bc30-81105d53d97e","method":"GET","url":"/api/auth/me","remoteAddress":"::1"},"res":{"statusCode":304},"responseTime":790,"msg":"GET /me 304"}
{"level":30,"time":"2026-09-23T07:12:06.395Z","service":"reddington-server","env":"development","req":{"id":"8d45906e-e921-4797-83c0-13ba1b4d860e","method":"GET","url":"/api/auth/me","remoteAddress":"::1"},"res":{"statusCode":304},"responseTime":275,"msg":"GET /me 304"}
{"level":30,"time":"2026-09-23T07:13:05.979Z","service":"reddington-server","env":"development","req":{"id":"1088dd2f-2792-4a48-af0b-a21a63a11f74","method":"GET","url":"/api/auth/me","remoteAddress":"::1"},"res":{"statusCode":304},"responseTime":709,"msg":"GET /me 304"}
{"level":30,"time":"2026-09-23T07:13:06.270Z","service":"reddington-server","env":"development","req":{"id":"8c7af782-4c8e-445b-b1be-ec6847dcb8fb","method":"GET","url":"/api/auth/me","remoteAddress":"::1"},"res":{"statusCode":304},"responseTime":283,"msg":"GET /me 304"}
{"level":30,"time":"2026-09-23T07:14:05.766Z","service":"reddington-server","env":"development","req":{"id":"18cdf2ea-f56c-49b1-8b0c-0e8f914165e3","method":"GET","url":"/api/auth/me","remoteAddress":"::1"},"res":{"statusCode":304},"responseTime":503,"msg":"GET /me 304"}
{"level":30,"time":"2026-09-23T07:14:06.035Z","service":"reddington-server","env":"development","req":{"id":"e9e7385b-c21c-4506-aead-d429323a4172","method":"GET","url":"/api/auth/me","remoteAddress":"::1"},"res":{"statusCode":304},"responseTime":262,"msg":"GET /me 304"}
{"level":30,"time":"2026-09-23T07:15:06.031Z","service":"reddington-server","env":"development","req":{"id":"6bd642ef-1357-4941-a7c2-a67866792fa7","method":"GET","url":"/api/auth/me","remoteAddress":"::1"},"res":{"statusCode":304},"responseTime":746,"msg":"GET /me 304"}
{"level":30,"time":"2026-09-23T07:15:06.436Z","service":"reddington-server","env":"development","req":{"id":"8a89dee8-147a-4084-ad39-9ca6a8ad2649","method":"GET","url":"/api/auth/me","remoteAddress":"::1"},"res":{"statusCode":304},"responseTime":400,"msg":"GET /me 304"}
{"level":30,"time":"2026-09-23T07:16:09.975Z","service":"reddington-server","env":"development","req":{"id":"5b547a5e-eb91-4ead-a779-4d0aa8f2847e","method":"GET","url":"/api/auth/me","remoteAddress":"::1"},"res":{"statusCode":304},"responseTime":4654,"msg":"GET /me 304"}
{"level":30,"time":"2026-09-23T07:16:10.251Z","service":"reddington-server","env":"development","req":{"id":"1978d6e2-2eb2-4ba8-a8a7-2469e557c90f","method":"GET","url":"/api/auth/me","remoteAddress":"::1"},"res":{"statusCode":304},"responseTime":268,"msg":"GET /me 304"}
{"level":30,"time":"2026-09-23T07:17:07.818Z","service":"reddington-server","env":"development","req":{"id":"f5c3bab9-cda4-44b1-bf4c-5f7d0597bc72","method":"GET","url":"/api/auth/me","remoteAddress":"::1"},"res":{"statusCode":304},"responseTime":2474,"msg":"GET /me 304"}
{"level":30,"time":"2026-09-23T07:17:08.095Z","service":"reddington-server","env":"development","req":{"id":"b832a5fb-72bb-4506-90d7-92709a605250","method":"GET","url":"/api/auth/me","remoteAddress":"::1"},"res":{"statusCode":304},"responseTime":271,"msg":"GET /me 304"}
{"level":30,"time":"2026-09-23T07:18:05.953Z","service":"reddington-server","env":"development","req":{"id":"44264308-f012-4100-ba52-68445664cd9a","method":"GET","url":"/api/auth/me","remoteAddress":"::1"},"res":{"statusCode":304},"responseTime":634,"msg":"GET /me 304"}
{"level":30,"time":"2026-09-23T07:18:06.223Z","service":"reddington-server","env":"development","req":{"id":"92d38bda-e10a-455e-af1a-2b7b61dc9d2f","method":"GET","url":"/api/auth/me","remoteAddress":"::1"},"res":{"statusCode":304},"responseTime":263,"msg":"GET /me 304"}
{"level":30,"time":"2026-09-23T07:19:05.848Z","service":"reddington-server","env":"development","req":{"id":"5dcac897-e878-4fa4-b7ca-c394397bc023","method":"GET","url":"/api/auth/me","remoteAddress":"::1"},"res":{"statusCode":304},"responseTime":564,"msg":"GET /me 304"}
{"level":30,"time":"2026-09-23T07:19:06.133Z","service":"reddington-server","env":"development","req":{"id":"90baada4-f008-4c5c-bb4a-20f7d13d69fa","method":"GET","url":"/api/auth/me","remoteAddress":"::1"},"res":{"statusCode":304},"responseTime":279,"msg":"GET /me 304"}
{"level":30,"time":"2026-09-23T07:20:05.916Z","service":"reddington-server","env":"development","req":{"id":"626307a4-95af-4772-8a66-df7ef762a0f9","method":"GET","url":"/api/auth/me","remoteAddress":"::1"},"res":{"statusCode":304},"responseTime":598,"msg":"GET /me 304"}
{"level":30,"time":"2026-09-23T07:20:06.242Z","service":"reddington-server","env":"development","req":{"id":"fe85171a-dd82-4cf9-b992-4359f3f507b8","method":"GET","url":"/api/auth/me","remoteAddress":"::1"},"res":{"statusCode":304},"responseTime":319,"msg":"GET /me 304"}
{"level":30,"time":"2026-09-23T07:21:05.851Z","service":"reddington-server","env":"development","req":{"id":"42691c7f-44fd-49fe-9fe0-414148155e59","method":"GET","url":"/api/auth/me","remoteAddress":"::1"},"res":{"statusCode":304},"responseTime":509,"msg":"GET /me 304"}
{"level":30,"time":"2026-09-23T07:21:06.123Z","service":"reddington-server","env":"development","req":{"id":"331b37ac-9d27-429e-a9e1-8cd002c7f683","method":"GET","url":"/api/auth/me","remoteAddress":"::1"},"res":{"statusCode":304},"responseTime":266,"msg":"GET /me 304"}
{"level":30,"time":"2026-09-23T07:22:07.693Z","service":"reddington-server","env":"development","req":{"id":"231a5c90-b007-4062-93ad-679a6f4afa22","method":"GET","url":"/api/auth/me","remoteAddress":"::1"},"res":{"statusCode":304},"responseTime":2374,"msg":"GET /me 304"}
{"level":30,"time":"2026-09-23T07:22:08.006Z","service":"reddington-server","env":"development","req":{"id":"bb17aa3b-d939-45d7-af09-0b655bc9e188","method":"GET","url":"/api/auth/me","remoteAddress":"::1"},"res":{"statusCode":304},"responseTime":306,"msg":"GET /me 304"}
{"level":30,"time":"2026-09-23T07:23:09.240Z","service":"reddington-server","env":"development","req":{"id":"62da25f3-d35c-4b7b-ab79-b8696ad4afdc","method":"GET","url":"/api/auth/me","remoteAddress":"::1"},"res":{"statusCode":304},"responseTime":3947,"msg":"GET /me 304"}
{"level":30,"time":"2026-09-23T07:23:09.573Z","service":"reddington-server","env":"development","req":{"id":"1a371205-ddd8-4f6d-b467-59ed2f47f83d","method":"GET","url":"/api/auth/me","remoteAddress":"::1"},"res":{"statusCode":304},"responseTime":327,"msg":"GET /me 304"}
{"level":30,"time":"2026-09-23T07:24:05.922Z","service":"reddington-server","env":"development","req":{"id":"a82b66f2-b561-456b-90bd-715a69e65c5b","method":"GET","url":"/api/auth/me","remoteAddress":"::1"},"res":{"statusCode":304},"responseTime":552,"msg":"GET /me 304"}
{"level":30,"time":"2026-09-23T07:24:06.182Z","service":"reddington-server","env":"development","req":{"id":"34537ff1-9f89-4501-bca8-6d93edd569cc","method":"GET","url":"/api/auth/me","remoteAddress":"::1"},"res":{"statusCode":304},"responseTime":254,"msg":"GET /me 304"}
{"level":30,"time":"2026-09-23T07:25:05.819Z","service":"reddington-server","env":"development","req":{"id":"7005c433-c513-4dbf-8b9d-b080a29e2726","method":"GET","url":"/api/auth/me","remoteAddress":"::1"},"res":{"statusCode":304},"responseTime":519,"msg":"GET /me 304"}
{"level":30,"time":"2026-09-23T07:25:06.163Z","service":"reddington-server","env":"development","req":{"id":"35ea7507-e7c3-4918-9a7b-e06655539f91","method":"GET","url":"/api/auth/me","remoteAddress":"::1"},"res":{"statusCode":304},"responseTime":339,"msg":"GET /me 304"}
{"level":30,"time":"2026-09-23T07:26:05.802Z","service":"reddington-server","env":"development","req":{"id":"d7ea4884-a925-4e3a-a57b-65485ea6a06f","method":"GET","url":"/api/auth/me","remoteAddress":"::1"},"res":{"statusCode":304},"responseTime":520,"msg":"GET /me 304"}
{"level":30,"time":"2026-09-23T07:26:06.069Z","service":"reddington-server","env":"development","req":{"id":"a740fad0-8e96-4bf7-8c8f-ca6bd2481a71","method":"GET","url":"/api/auth/me","remoteAddress":"::1"},"res":{"statusCode":304},"responseTime":261,"msg":"GET /me 304"}
{"level":30,"time":"2026-09-23T07:27:05.783Z","service":"reddington-server","env":"development","req":{"id":"3488b7d6-c62e-4085-9589-9b0316ccc9c8","method":"GET","url":"/api/auth/me","remoteAddress":"::1"},"res":{"statusCode":304},"responseTime":507,"msg":"GET /me 304"}
{"level":30,"time":"2026-09-23T07:27:06.042Z","service":"reddington-server","env":"development","req":{"id":"15b094ed-a1ed-4e61-9e24-3b49f1b9235d","method":"GET","url":"/api/auth/me","remoteAddress":"::1"},"res":{"statusCode":304},"responseTime":253,"msg":"GET /me 304"}
{"level":30,"time":"2026-09-23T07:28:07.685Z","service":"reddington-server","env":"development","req":{"id":"f7839b79-21a1-45d9-a182-dcf40d51bbe6","method":"GET","url":"/api/auth/me","remoteAddress":"::1"},"res":{"statusCode":304},"responseTime":2407,"msg":"GET /me 304"}
{"level":30,"time":"2026-09-23T07:28:07.940Z","service":"reddington-server","env":"development","req":{"id":"a13d5fe7-9361-4012-9ffb-fadec72f27d4","method":"GET","url":"/api/auth/me","remoteAddress":"::1"},"res":{"statusCode":304},"responseTime":249,"msg":"GET /me 304"}
{"level":30,"time":"2026-09-23T07:29:07.745Z","service":"reddington-server","env":"development","req":{"id":"cd5c5c7b-5e42-40d4-a81b-4c61f1f03a6c","method":"GET","url":"/api/auth/me","remoteAddress":"::1"},"res":{"statusCode":304},"responseTime":2457,"msg":"GET /me 304"}
{"level":30,"time":"2026-09-23T07:29:08.059Z","service":"reddington-server","env":"development","req":{"id":"b128267f-2764-4bad-a913-7525a614bfe5","method":"GET","url":"/api/auth/me","remoteAddress":"::1"},"res":{"statusCode":304},"responseTime":267,"msg":"GET /me 304"}
{"level":30,"time":"2026-09-23T07:30:05.798Z","service":"reddington-server","env":"development","req":{"id":"de0c7ddb-ffcd-4662-8e9d-f2f6d9769e09","method":"GET","url":"/api/auth/me","remoteAddress":"::1"},"res":{"statusCode":304},"responseTime":488,"msg":"GET /me 304"}
{"level":30,"time":"2026-09-23T07:30:06.045Z","service":"reddington-server","env":"development","req":{"id":"56566a0f-1f38-4f20-920d-927930faa0b0","method":"GET","url":"/api/auth/me","remoteAddress":"::1"},"res":{"statusCode":304},"responseTime":242,"msg":"GET /me 304"}
{"level":30,"time":"2026-09-23T07:31:05.822Z","service":"reddington-server","env":"development","req":{"id":"ce08ace9-28be-41d9-a76e-2580ad7bb7e9","method":"GET","url":"/api/auth/me","remoteAddress":"::1"},"res":{"statusCode":304},"responseTime":545,"msg":"GET /me 304"}
{"level":30,"time":"2026-09-23T07:31:06.081Z","service":"reddington-server","env":"development","req":{"id":"c4955d67-1e60-44cd-ba1f-bd69d3280db3","method":"GET","url":"/api/auth/me","remoteAddress":"::1"},"res":{"statusCode":304},"responseTime":253,"msg":"GET /me 304"}
{"level":30,"time":"2026-09-23T07:32:05.791Z","service":"reddington-server","env":"development","req":{"id":"2df1a24d-9ff9-4ecf-a0bb-c8b7a32f710f","method":"GET","url":"/api/auth/me","remoteAddress":"::1"},"res":{"statusCode":304},"responseTime":484,"msg":"GET /me 304"}
{"level":30,"time":"2026-09-23T07:32:06.081Z","service":"reddington-server","env":"development","req":{"id":"62605a7b-f528-4505-ba5f-20fbe226f191","method":"GET","url":"/api/auth/me","remoteAddress":"::1"},"res":{"statusCode":304},"responseTime":246,"msg":"GET /me 304"}
{"level":30,"time":"2026-09-23T07:33:05.769Z","service":"reddington-server","env":"development","req":{"id":"0f8c934b-1c75-466d-9f15-7d5333bcb52c","method":"GET","url":"/api/auth/me","remoteAddress":"::1"},"res":{"statusCode":304},"responseTime":502,"msg":"GET /me 304"}
{"level":30,"time":"2026-09-23T07:33:06.028Z","service":"reddington-server","env":"development","req":{"id":"8d5ab564-973c-4d0b-a9e8-548fa4dd6cea","method":"GET","url":"/api/auth/me","remoteAddress":"::1"},"res":{"statusCode":304},"responseTime":252,"msg":"GET /me 304"}
{"level":30,"time":"2026-09-23T07:34:07.690Z","service":"reddington-server","env":"development","req":{"id":"6a1d4e21-cf69-47e2-9ad4-46debabc1bde","method":"GET","url":"/api/auth/me","remoteAddress":"::1"},"res":{"statusCode":304},"responseTime":2431,"msg":"GET /me 304"}
{"level":30,"time":"2026-09-23T07:34:07.944Z","service":"reddington-server","env":"development","req":{"id":"d0835a17-07fb-419f-98c3-b1c227b4574b","method":"GET","url":"/api/auth/me","remoteAddress":"::1"},"res":{"statusCode":304},"responseTime":248,"msg":"GET /me 304"}
{"level":30,"time":"2026-09-23T07:35:07.563Z","service":"reddington-server","env":"development","req":{"id":"f314e96c-b6c0-45f9-9dad-831c57e59885","method":"GET","url":"/api/auth/me","remoteAddress":"::1"},"res":{"statusCode":304},"responseTime":2280,"msg":"GET /me 304"}
{"level":30,"time":"2026-09-23T07:35:07.838Z","service":"reddington-server","env":"development","req":{"id":"79efadca-7fb7-4e55-8510-8d65c84a73b8","method":"GET","url":"/api/auth/me","remoteAddress":"::1"},"res":{"statusCode":304},"responseTime":269,"msg":"GET /me 304"}
{"level":30,"time":"2026-09-23T07:36:05.871Z","service":"reddington-server","env":"development","req":{"id":"330e0b98-4d6d-43a7-b40f-2e061eb8ebe9","method":"GET","url":"/api/auth/me","remoteAddress":"::1"},"res":{"statusCode":304},"responseTime":511,"msg":"GET /me 304"}
{"level":30,"time":"2026-09-23T07:36:06.171Z","service":"reddington-server","env":"development","req":{"id":"777c28f3-744f-47c1-ac58-b052374374d2","method":"GET","url":"/api/auth/me","remoteAddress":"::1"},"res":{"statusCode":304},"responseTime":260,"msg":"GET /me 304"}
{"level":30,"time":"2026-09-23T07:37:05.764Z","service":"reddington-server","env":"development","req":{"id":"91643fe6-d68e-4673-b4d9-4ba1cc77e35e","method":"GET","url":"/api/auth/me","remoteAddress":"::1"},"res":{"statusCode":304},"responseTime":496,"msg":"GET /me 304"}
{"level":30,"time":"2026-09-23T07:37:06.040Z","service":"reddington-server","env":"development","req":{"id":"3f31cb46-6b10-420a-a96c-d8c108c0aba5","method":"GET","url":"/api/auth/me","remoteAddress":"::1"},"res":{"statusCode":304},"responseTime":271,"msg":"GET /me 304"}
{"level":30,"time":"2026-09-23T07:38:05.810Z","service":"reddington-server","env":"development","req":{"id":"42aff520-0296-4f04-98d7-fe0ff37fe12c","method":"GET","url":"/api/auth/me","remoteAddress":"::1"},"res":{"statusCode":304},"responseTime":519,"msg":"GET /me 304"}
{"level":30,"time":"2026-09-23T07:38:06.064Z","service":"reddington-server","env":"development","req":{"id":"9adfdc96-37b9-4a7c-807e-a7d83dbd71ce","method":"GET","url":"/api/auth/me","remoteAddress":"::1"},"res":{"statusCode":304},"responseTime":248,"msg":"GET /me 304"}
{"level":30,"time":"2026-09-23T07:39:05.739Z","service":"reddington-server","env":"development","req":{"id":"1d68915e-cb1a-4d9d-8371-8861d6eea540","method":"GET","url":"/api/auth/me","remoteAddress":"::1"},"res":{"statusCode":304},"responseTime":479,"msg":"GET /me 304"}
{"level":30,"time":"2026-09-23T07:39:05.987Z","service":"reddington-server","env":"development","req":{"id":"1e64a333-d3fb-4923-af81-9cb293eeaed5","method":"GET","url":"/api/auth/me","remoteAddress":"::1"},"res":{"statusCode":304},"responseTime":242,"msg":"GET /me 304"}
{"level":30,"time":"2026-09-23T07:40:06.014Z","service":"reddington-server","env":"development","req":{"id":"9ae406b4-c2fc-4f41-886e-1b9158f35258","method":"GET","url":"/api/auth/me","remoteAddress":"::1"},"res":{"statusCode":304},"responseTime":741,"msg":"GET /me 304"}
{"level":30,"time":"2026-09-23T07:40:06.267Z","service":"reddington-server","env":"development","req":{"id":"b63e03e5-e661-4a0d-addd-605143d9e21d","method":"GET","url":"/api/auth/me","remoteAddress":"::1"},"res":{"statusCode":304},"responseTime":247,"msg":"GET /me 304"}
{"level":30,"time":"2026-09-23T07:41:06.070Z","service":"reddington-server","env":"development","req":{"id":"9aa9b060-02e3-4c94-a99b-377ce5d1c19f","method":"GET","url":"/api/auth/me","remoteAddress":"::1"},"res":{"statusCode":304},"responseTime":770,"msg":"GET /me 304"}
{"level":30,"time":"2026-09-23T07:41:06.350Z","service":"reddington-server","env":"development","req":{"id":"c80e6112-3016-4107-9e61-73676306cd85","method":"GET","url":"/api/auth/me","remoteAddress":"::1"},"res":{"statusCode":304},"responseTime":274,"msg":"GET /me 304"}
{"level":30,"time":"2026-09-23T07:42:05.858Z","service":"reddington-server","env":"development","req":{"id":"061b9956-71d8-4ff1-912b-d0650d8cb42b","method":"GET","url":"/api/auth/me","remoteAddress":"::1"},"res":{"statusCode":304},"responseTime":505,"msg":"GET /me 304"}
{"level":30,"time":"2026-09-23T07:42:06.116Z","service":"reddington-server","env":"development","req":{"id":"b07ece90-cfea-4f7a-adc9-0e3713b4d0c0","method":"GET","url":"/api/auth/me","remoteAddress":"::1"},"res":{"statusCode":304},"responseTime":251,"msg":"GET /me 304"}
{"level":30,"time":"2026-09-23T07:43:05.813Z","service":"reddington-server","env":"development","req":{"id":"77cbf940-0dcc-4a74-bff7-3da5586ae409","method":"GET","url":"/api/auth/me","remoteAddress":"::1"},"res":{"statusCode":304},"responseTime":493,"msg":"GET /me 304"}
{"level":30,"time":"2026-09-23T07:43:06.073Z","service":"reddington-server","env":"development","req":{"id":"b9191026-bcc7-46a6-a303-b034605cb73e","method":"GET","url":"/api/auth/me","remoteAddress":"::1"},"res":{"statusCode":304},"responseTime":250,"msg":"GET /me 304"}
{"level":30,"time":"2026-09-23T07:44:05.823Z","service":"reddington-server","env":"development","req":{"id":"cf6bc793-560a-4eb9-b8a0-e3d7a9b1de12","method":"GET","url":"/api/auth/me","remoteAddress":"::1"},"res":{"statusCode":304},"responseTime":511,"msg":"GET /me 304"}
{"level":30,"time":"2026-09-23T07:44:06.124Z","service":"reddington-server","env":"development","req":{"id":"dedf757e-697c-4826-841a-dbbcae52a88d","method":"GET","url":"/api/auth/me","remoteAddress":"::1"},"res":{"statusCode":304},"responseTime":256,"msg":"GET /me 304"}
{"level":30,"time":"2026-09-23T07:45:05.831Z","service":"reddington-server","env":"development","req":{"id":"7780db27-626a-47f2-b677-442f11653fdb","method":"GET","url":"/api/auth/me","remoteAddress":"::1"},"res":{"statusCode":304},"responseTime":508,"msg":"GET /me 304"}
{"level":30,"time":"2026-09-23T07:45:06.092Z","service":"reddington-server","env":"development","req":{"id":"5e3573df-172e-440c-b731-d778ef2f9b27","method":"GET","url":"/api/auth/me","remoteAddress":"::1"},"res":{"statusCode":304},"responseTime":255,"msg":"GET /me 304"}
{"level":30,"time":"2026-09-23T07:46:06.057Z","service":"reddington-server","env":"development","req":{"id":"d4e97cc2-72cd-4964-9855-367758b4d14d","method":"GET","url":"/api/auth/me","remoteAddress":"::1"},"res":{"statusCode":304},"responseTime":790,"msg":"GET /me 304"}
{"level":30,"time":"2026-09-23T07:46:06.324Z","service":"reddington-server","env":"development","req":{"id":"80345c05-f376-4917-833f-d4fbfd82aaea","method":"GET","url":"/api/auth/me","remoteAddress":"::1"},"res":{"statusCode":304},"responseTime":259,"msg":"GET /me 304"}
{"level":30,"time":"2026-09-23T07:47:06.134Z","service":"reddington-server","env":"development","req":{"id":"183e748c-97e5-455c-a7c1-fa14e4e689fa","method":"GET","url":"/api/auth/me","remoteAddress":"::1"},"res":{"statusCode":304},"responseTime":817,"msg":"GET /me 304"}
{"level":30,"time":"2026-09-23T07:47:06.393Z","service":"reddington-server","env":"development","req":{"id":"51d8477b-9604-4ba1-bd26-425b2d37fd34","method":"GET","url":"/api/auth/me","remoteAddress":"::1"},"res":{"statusCode":304},"responseTime":253,"msg":"GET /me 304"}
{"level":30,"time":"2026-09-23T07:48:05.813Z","service":"reddington-server","env":"development","req":{"id":"fbb7e6f9-0704-4259-9c74-7cbf93dc9808","method":"GET","url":"/api/auth/me","remoteAddress":"::1"},"res":{"statusCode":304},"responseTime":546,"msg":"GET /me 304"}
{"level":30,"time":"2026-09-23T07:48:06.071Z","service":"reddington-server","env":"development","req":{"id":"adb25239-c174-4b93-8819-9390f32e5a98","method":"GET","url":"/api/auth/me","remoteAddress":"::1"},"res":{"statusCode":304},"responseTime":252,"msg":"GET /me 304"}
{"level":30,"time":"2026-09-23T07:49:05.942Z","service":"reddington-server","env":"development","req":{"id":"44ba6bca-02a1-4cf5-b298-66a087f7f781","method":"GET","url":"/api/auth/me","remoteAddress":"::1"},"res":{"statusCode":304},"responseTime":679,"msg":"GET /me 304"}
{"level":30,"time":"2026-09-23T07:49:06.991Z","service":"reddington-server","env":"development","req":{"id":"1fedddcd-9836-4bc2-ada1-c040cd2226c8","method":"GET","url":"/api/auth/me","remoteAddress":"::1"},"res":{"statusCode":304},"responseTime":1045,"msg":"GET /me 304"}
{"level":30,"time":"2026-09-23T07:50:05.821Z","service":"reddington-server","env":"development","req":{"id":"479fbd92-619d-4d59-9c51-7a29dcfb66c8","method":"GET","url":"/api/auth/me","remoteAddress":"::1"},"res":{"statusCode":304},"responseTime":543,"msg":"GET /me 304"}
{"level":30,"time":"2026-09-23T07:50:06.086Z","service":"reddington-server","env":"development","req":{"id":"509d4166-482e-46e7-941e-81a0f43b33de","method":"GET","url":"/api/auth/me","remoteAddress":"::1"},"res":{"statusCode":304},"responseTime":259,"msg":"GET /me 304"}
{"level":30,"time":"2026-09-23T07:51:05.803Z","service":"reddington-server","env":"development","req":{"id":"f9ab684c-20bf-4538-b046-b5dc72ee7a0f","method":"GET","url":"/api/auth/me","remoteAddress":"::1"},"res":{"statusCode":304},"responseTime":510,"msg":"GET /me 304"}
{"level":30,"time":"2026-09-23T07:51:06.072Z","service":"reddington-server","env":"development","req":{"id":"03fd8936-77a0-4f29-9b7d-fc0967fbc19a","method":"GET","url":"/api/auth/me","remoteAddress":"::1"},"res":{"statusCode":304},"responseTime":263,"msg":"GET /me 304"}
{"level":30,"time":"2026-09-23T07:52:06.012Z","service":"reddington-server","env":"development","req":{"id":"a5e48f6a-2f44-4f00-bc7e-4bb31e5bfe6d","method":"GET","url":"/api/auth/me","remoteAddress":"::1"},"res":{"statusCode":304},"responseTime":749,"msg":"GET /me 304"}
{"level":30,"time":"2026-09-23T07:52:06.265Z","service":"reddington-server","env":"development","req":{"id":"ed54e944-efbf-40ec-b7a3-6cc6d2ecc072","method":"GET","url":"/api/auth/me","remoteAddress":"::1"},"res":{"statusCode":304},"responseTime":248,"msg":"GET /me 304"}
{"level":30,"time":"2026-09-23T07:53:06.106Z","service":"reddington-server","env":"development","req":{"id":"f18878e1-e4e3-41b8-9692-6bf7abb99abd","method":"GET","url":"/api/auth/me","remoteAddress":"::1"},"res":{"statusCode":304},"responseTime":762,"msg":"GET /me 304"}
{"level":30,"time":"2026-09-23T07:53:06.397Z","service":"reddington-server","env":"development","req":{"id":"f41dde4c-1c56-493f-b559-b0e279580527","method":"GET","url":"/api/auth/me","remoteAddress":"::1"},"res":{"statusCode":304},"responseTime":285,"msg":"GET /me 304"}
{"level":30,"time":"2026-09-23T07:54:05.807Z","service":"reddington-server","env":"development","req":{"id":"94f86d7a-7c5e-4797-a5da-ce583046a0eb","method":"GET","url":"/api/auth/me","remoteAddress":"::1"},"res":{"statusCode":304},"responseTime":504,"msg":"GET /me 304"}
{"level":30,"time":"2026-09-23T07:54:06.069Z","service":"reddington-server","env":"development","req":{"id":"8432592f-df96-4e68-a215-a73d57b51165","method":"GET","url":"/api/auth/me","remoteAddress":"::1"},"res":{"statusCode":304},"responseTime":256,"msg":"GET /me 304"}
{"level":30,"time":"2026-09-23T07:55:05.809Z","service":"reddington-server","env":"development","req":{"id":"268d8ac6-b1b1-480d-a4ec-d69f3ace83df","method":"GET","url":"/api/auth/me","remoteAddress":"::1"},"res":{"statusCode":304},"responseTime":518,"msg":"GET /me 304"}
{"level":30,"time":"2026-09-23T07:55:06.068Z","service":"reddington-server","env":"development","req":{"id":"e86d18ea-cac8-4595-82c2-32cda9fb8fc0","method":"GET","url":"/api/auth/me","remoteAddress":"::1"},"res":{"statusCode":304},"responseTime":253,"msg":"GET /me 304"}
{"level":30,"time":"2026-09-23T07:56:05.866Z","service":"reddington-server","env":"development","req":{"id":"631342b5-727c-4ff5-a07a-b414d7673298","method":"GET","url":"/api/auth/me","remoteAddress":"::1"},"res":{"statusCode":304},"responseTime":587,"msg":"GET /me 304"}
{"level":30,"time":"2026-09-23T07:56:06.128Z","service":"reddington-server","env":"development","req":{"id":"adc1cf49-e7c9-4a2f-ad36-a03f2dfd6bfa","method":"GET","url":"/api/auth/me","remoteAddress":"::1"},"res":{"statusCode":304},"responseTime":256,"msg":"GET /me 304"}
{"level":30,"time":"2026-09-23T07:57:05.839Z","service":"reddington-server","env":"development","req":{"id":"c6552e5e-2072-4239-8f2e-8698ba5b837b","method":"GET","url":"/api/auth/me","remoteAddress":"::1"},"res":{"statusCode":304},"responseTime":553,"msg":"GET /me 304"}
{"level":30,"time":"2026-09-23T07:57:06.110Z","service":"reddington-server","env":"development","req":{"id":"eebf5a16-588d-48b2-b8f0-3e0f4fc403c7","method":"GET","url":"/api/auth/me","remoteAddress":"::1"},"res":{"statusCode":304},"responseTime":265,"msg":"GET /me 304"}
{"level":30,"time":"2026-09-23T07:58:06.067Z","service":"reddington-server","env":"development","req":{"id":"880330ec-9f19-43b8-8e83-b470da37308b","method":"GET","url":"/api/auth/me","remoteAddress":"::1"},"res":{"statusCode":304},"responseTime":752,"msg":"GET /me 304"}
{"level":30,"time":"2026-09-23T07:58:06.326Z","service":"reddington-server","env":"development","req":{"id":"3707634e-ab0a-4d02-941c-b8020dd7e664","method":"GET","url":"/api/auth/me","remoteAddress":"::1"},"res":{"statusCode":304},"responseTime":252,"msg":"GET /me 304"}
{"level":30,"time":"2026-09-23T07:59:06.060Z","service":"reddington-server","env":"development","req":{"id":"c0614827-943f-4776-a391-af0dc22780a4","method":"GET","url":"/api/auth/me","remoteAddress":"::1"},"res":{"statusCode":304},"responseTime":744,"msg":"GET /me 304"}
{"level":30,"time":"2026-09-23T07:59:06.325Z","service":"reddington-server","env":"development","req":{"id":"60209bf1-7962-4c70-ad16-e5379488da63","method":"GET","url":"/api/auth/me","remoteAddress":"::1"},"res":{"statusCode":304},"responseTime":259,"msg":"GET /me 304"}
{"level":30,"time":"2026-09-23T08:00:05.781Z","service":"reddington-server","env":"development","req":{"id":"3bf7d54c-600a-48a5-a143-995600d53c57","method":"GET","url":"/api/auth/me","remoteAddress":"::1"},"res":{"statusCode":304},"responseTime":506,"msg":"GET /me 304"}
{"level":30,"time":"2026-09-23T08:00:06.035Z","service":"reddington-server","env":"development","req":{"id":"0276fcc4-b89d-4a53-87bc-1f03585b68ae","method":"GET","url":"/api/auth/me","remoteAddress":"::1"},"res":{"statusCode":304},"responseTime":248,"msg":"GET /me 304"}
{"level":30,"time":"2026-09-23T08:01:05.822Z","service":"reddington-server","env":"development","req":{"id":"f695a6b4-a684-4f7f-b225-8088c6164a89","method":"GET","url":"/api/auth/me","remoteAddress":"::1"},"res":{"statusCode":304},"responseTime":533,"msg":"GET /me 304"}
{"level":30,"time":"2026-09-23T08:01:06.094Z","service":"reddington-server","env":"development","req":{"id":"57d24b59-4687-4a39-83db-a594ec76b783","method":"GET","url":"/api/auth/me","remoteAddress":"::1"},"res":{"statusCode":304},"responseTime":266,"msg":"GET /me 304"}
{"level":30,"time":"2026-09-23T08:02:05.771Z","service":"reddington-server","env":"development","req":{"id":"eb423065-a11b-44ac-87af-892724300bd9","method":"GET","url":"/api/auth/me","remoteAddress":"::1"},"res":{"statusCode":304},"responseTime":507,"msg":"GET /me 304"}
{"level":30,"time":"2026-09-23T08:02:06.023Z","service":"reddington-server","env":"development","req":{"id":"7df6f4a2-e6d0-4fd4-b041-8c3accd2c6bc","method":"GET","url":"/api/auth/me","remoteAddress":"::1"},"res":{"statusCode":304},"responseTime":247,"msg":"GET /me 304"}
{"level":30,"time":"2026-09-23T08:03:06.036Z","service":"reddington-server","env":"development","req":{"id":"be99cb0c-d698-4421-92df-a0de166241e8","method":"GET","url":"/api/auth/me","remoteAddress":"::1"},"res":{"statusCode":304},"responseTime":734,"msg":"GET /me 304"}
{"level":30,"time":"2026-09-23T08:03:06.292Z","service":"reddington-server","env":"development","req":{"id":"a9c1bd42-8a07-4c55-8c3e-65545160b8c0","method":"GET","url":"/api/auth/me","remoteAddress":"::1"},"res":{"statusCode":304},"responseTime":250,"msg":"GET /me 304"}
{"level":30,"time":"2026-09-23T08:04:05.771Z","service":"reddington-server","env":"development","req":{"id":"4f1fbd46-3033-4399-98b8-f937e85fa812","method":"GET","url":"/api/auth/me","remoteAddress":"::1"},"res":{"statusCode":304},"responseTime":499,"msg":"GET /me 304"}
{"level":30,"time":"2026-09-23T08:04:06.025Z","service":"reddington-server","env":"development","req":{"id":"87359643-d1cb-4a21-9bc7-da9a6c8c4cb4","method":"GET","url":"/api/auth/me","remoteAddress":"::1"},"res":{"statusCode":304},"responseTime":248,"msg":"GET /me 304"}
{"level":30,"time":"2026-09-23T08:05:06.018Z","service":"reddington-server","env":"development","req":{"id":"72d765c2-c786-441b-9eb7-29954657fcff","method":"GET","url":"/api/auth/me","remoteAddress":"::1"},"res":{"statusCode":304},"responseTime":738,"msg":"GET /me 304"}
{"level":30,"time":"2026-09-23T08:05:06.276Z","service":"reddington-server","env":"development","req":{"id":"056f4367-7f4f-4812-b2d2-2566610a5aca","method":"GET","url":"/api/auth/me","remoteAddress":"::1"},"res":{"statusCode":304},"responseTime":252,"msg":"GET /me 304"}
{"level":30,"time":"2026-09-23T08:06:05.808Z","service":"reddington-server","env":"development","req":{"id":"fc1a6626-9f16-4efd-b9f0-4cd6de200a4d","method":"GET","url":"/api/auth/me","remoteAddress":"::1"},"res":{"statusCode":304},"responseTime":505,"msg":"GET /me 304"}
{"level":30,"time":"2026-09-23T08:06:06.104Z","service":"reddington-server","env":"development","req":{"id":"43a344f8-b9a5-4079-b37b-cce12f738c86","method":"GET","url":"/api/auth/me","remoteAddress":"::1"},"res":{"statusCode":304},"responseTime":250,"msg":"GET /me 304"}
{"level":30,"time":"2026-09-23T08:07:05.812Z","service":"reddington-server","env":"development","req":{"id":"c729f0fd-4ab3-4043-8cf8-3b277a600d5f","method":"GET","url":"/api/auth/me","remoteAddress":"::1"},"res":{"statusCode":304},"responseTime":500,"msg":"GET /me 304"}
{"level":30,"time":"2026-09-23T08:07:06.069Z","service":"reddington-server","env":"development","req":{"id":"65cb1a22-951f-4242-b7e9-9e8c6c30780f","method":"GET","url":"/api/auth/me","remoteAddress":"::1"},"res":{"statusCode":304},"responseTime":251,"msg":"GET /me 304"}
{"level":30,"time":"2026-09-23T08:08:05.794Z","service":"reddington-server","env":"development","req":{"id":"30269450-27cb-44c9-87e2-d8d8af705d1b","method":"GET","url":"/api/auth/me","remoteAddress":"::1"},"res":{"statusCode":304},"responseTime":495,"msg":"GET /me 304"}
{"level":30,"time":"2026-09-23T08:08:06.046Z","service":"reddington-server","env":"development","req":{"id":"4dd96361-0eaa-4f24-9867-5271053dff13","method":"GET","url":"/api/auth/me","remoteAddress":"::1"},"res":{"statusCode":304},"responseTime":246,"msg":"GET /me 304"}
{"level":30,"time":"2026-09-23T08:09:06.057Z","service":"reddington-server","env":"development","req":{"id":"e628519e-9976-4b70-9318-4468ee856947","method":"GET","url":"/api/auth/me","remoteAddress":"::1"},"res":{"statusCode":304},"responseTime":764,"msg":"GET /me 304"}
{"level":30,"time":"2026-09-23T08:09:06.311Z","service":"reddington-server","env":"development","req":{"id":"b6605ec5-59fb-4356-8cdb-932c63a97b69","method":"GET","url":"/api/auth/me","remoteAddress":"::1"},"res":{"statusCode":304},"responseTime":248,"msg":"GET /me 304"}
{"level":30,"time":"2026-09-23T08:10:05.763Z","service":"reddington-server","env":"development","req":{"id":"ba11a305-7a11-4b5b-842c-9258dec7e3b6","method":"GET","url":"/api/auth/me","remoteAddress":"::1"},"res":{"statusCode":304},"responseTime":496,"msg":"GET /me 304"}
{"level":30,"time":"2026-09-23T08:10:06.019Z","service":"reddington-server","env":"development","req":{"id":"28f4ba0a-973e-4cb4-ade4-6310f9026228","method":"GET","url":"/api/auth/me","remoteAddress":"::1"},"res":{"statusCode":304},"responseTime":250,"msg":"GET /me 304"}
{"level":30,"time":"2026-09-23T08:10:17.917Z","service":"reddington-server","env":"development","req":{"id":"9561cca0-3642-4594-bf58-982dddb97748","method":"GET","url":"/api/auth/me","remoteAddress":"::1"},"res":{"statusCode":304},"responseTime":502,"msg":"GET /me 304"}
{"level":30,"time":"2026-09-23T08:10:18.173Z","service":"reddington-server","env":"development","req":{"id":"f9611b22-18fc-424d-bc3c-e57138ecac8b","method":"GET","url":"/api/auth/me","remoteAddress":"::1"},"res":{"statusCode":304},"responseTime":250,"msg":"GET /me 304"}
{"level":30,"time":"2026-09-23T08:12:05.762Z","service":"reddington-server","env":"development","req":{"id":"5151b815-89b5-4afa-8ce2-58bb3c324f2a","method":"GET","url":"/api/auth/me","remoteAddress":"::1"},"res":{"statusCode":304},"responseTime":500,"msg":"GET /me 304"}
{"level":30,"time":"2026-09-23T08:12:06.038Z","service":"reddington-server","env":"development","req":{"id":"79d37d94-21b8-4299-818e-e40bd24fe809","method":"GET","url":"/api/auth/me","remoteAddress":"::1"},"res":{"statusCode":304},"responseTime":270,"msg":"GET /me 304"}
{"level":30,"time":"2026-09-23T08:13:05.750Z","service":"reddington-server","env":"development","req":{"id":"9674478f-6a12-4837-a0d8-2b8bfc1b5fb3","method":"GET","url":"/api/auth/me","remoteAddress":"::1"},"res":{"statusCode":304},"responseTime":499,"msg":"GET /me 304"}
{"level":30,"time":"2026-09-23T08:13:06.009Z","service":"reddington-server","env":"development","req":{"id":"a4264c98-0117-4705-a725-cedf552cfc62","method":"GET","url":"/api/auth/me","remoteAddress":"::1"},"res":{"statusCode":304},"responseTime":252,"msg":"GET /me 304"}
{"level":30,"time":"2026-09-23T08:14:05.753Z","service":"reddington-server","env":"development","req":{"id":"8b36f8a7-3c37-4fde-a354-89bc212f3d6b","method":"GET","url":"/api/auth/me","remoteAddress":"::1"},"res":{"statusCode":304},"responseTime":501,"msg":"GET /me 304"}
{"level":30,"time":"2026-09-23T08:14:06.028Z","service":"reddington-server","env":"development","req":{"id":"d91e89e1-f002-4c79-b283-e48d99adaa67","method":"GET","url":"/api/auth/me","remoteAddress":"::1"},"res":{"statusCode":304},"responseTime":269,"msg":"GET /me 304"}
{"level":30,"time":"2026-09-23T08:15:06.024Z","service":"reddington-server","env":"development","req":{"id":"0f337713-2da9-4892-a4a1-86b3e91e7c11","method":"GET","url":"/api/auth/me","remoteAddress":"::1"},"res":{"statusCode":304},"responseTime":756,"msg":"GET /me 304"}
{"level":30,"time":"2026-09-23T08:15:06.287Z","service":"reddington-server","env":"development","req":{"id":"d9458398-e1bf-4d3e-bc08-d48619410608","method":"GET","url":"/api/auth/me","remoteAddress":"::1"},"res":{"statusCode":304},"responseTime":256,"msg":"GET /me 304"}
{"level":30,"time":"2026-09-23T08:16:06.036Z","service":"reddington-server","env":"development","req":{"id":"2487ec50-a733-4c45-8c2e-2eff8cbedfa4","method":"GET","url":"/api/auth/me","remoteAddress":"::1"},"res":{"statusCode":304},"responseTime":773,"msg":"GET /me 304"}
{"level":30,"time":"2026-09-23T08:16:06.301Z","service":"reddington-server","env":"development","req":{"id":"8659d7b0-a288-4ae3-86ab-c89fd5105c35","method":"GET","url":"/api/auth/me","remoteAddress":"::1"},"res":{"statusCode":304},"responseTime":259,"msg":"GET /me 304"}
{"level":30,"time":"2026-09-23T08:17:05.802Z","service":"reddington-server","env":"development","req":{"id":"50e81a7e-60bf-4318-8426-8ed16c978370","method":"GET","url":"/api/auth/me","remoteAddress":"::1"},"res":{"statusCode":304},"responseTime":504,"msg":"GET /me 304"}
{"level":30,"time":"2026-09-23T08:17:06.062Z","service":"reddington-server","env":"development","req":{"id":"0be8cc3c-1e8f-406e-8003-47cac20c6244","method":"GET","url":"/api/auth/me","remoteAddress":"::1"},"res":{"statusCode":304},"responseTime":255,"msg":"GET /me 304"}
{"level":30,"time":"2026-09-23T08:18:05.830Z","service":"reddington-server","env":"development","req":{"id":"2fed901e-6243-4ddc-9028-e13a9cd89526","method":"GET","url":"/api/auth/me","remoteAddress":"::1"},"res":{"statusCode":304},"responseTime":523,"msg":"GET /me 304"}
{"level":30,"time":"2026-09-23T08:18:06.098Z","service":"reddington-server","env":"development","req":{"id":"07540f41-4b25-4880-b974-bfd92b7b34e5","method":"GET","url":"/api/auth/me","remoteAddress":"::1"},"res":{"statusCode":304},"responseTime":261,"msg":"GET /me 304"}
{"level":30,"time":"2026-09-23T08:19:05.796Z","service":"reddington-server","env":"development","req":{"id":"06d07a06-94df-455c-bff6-90ffca8d71f8","method":"GET","url":"/api/auth/me","remoteAddress":"::1"},"res":{"statusCode":304},"responseTime":505,"msg":"GET /me 304"}
{"level":30,"time":"2026-09-23T08:19:06.057Z","service":"reddington-server","env":"development","req":{"id":"f4a5a48e-d1cd-4a4f-b6a0-84c6fc1149dc","method":"GET","url":"/api/auth/me","remoteAddress":"::1"},"res":{"statusCode":304},"responseTime":254,"msg":"GET /me 304"}
{"level":30,"time":"2026-09-23T08:20:05.898Z","service":"reddington-server","env":"development","req":{"id":"8bb97052-510a-45bd-944e-63f7bc934c63","method":"GET","url":"/api/auth/me","remoteAddress":"::1"},"res":{"statusCode":304},"responseTime":576,"msg":"GET /me 304"}
{"level":30,"time":"2026-09-23T08:20:06.170Z","service":"reddington-server","env":"development","req":{"id":"8dfb2474-36df-4041-8cbe-45af76037f5d","method":"GET","url":"/api/auth/me","remoteAddress":"::1"},"res":{"statusCode":304},"responseTime":266,"msg":"GET /me 304"}
{"level":30,"time":"2026-09-23T08:21:05.997Z","service":"reddington-server","env":"development","req":{"id":"64e695cf-c7fe-4c5b-8216-e86fb6eef903","method":"GET","url":"/api/auth/me","remoteAddress":"::1"},"res":{"statusCode":304},"responseTime":733,"msg":"GET /me 304"}
{"level":30,"time":"2026-09-23T08:21:06.260Z","service":"reddington-server","env":"development","req":{"id":"5562b9e6-5ac1-4404-9878-85aacc885894","method":"GET","url":"/api/auth/me","remoteAddress":"::1"},"res":{"statusCode":304},"responseTime":256,"msg":"GET /me 304"}
{"level":30,"time":"2026-09-23T08:22:06.118Z","service":"reddington-server","env":"development","req":{"id":"23f121d2-34c3-489f-b5df-e83bb37a1f86","method":"GET","url":"/api/auth/me","remoteAddress":"::1"},"res":{"statusCode":304},"responseTime":861,"msg":"GET /me 304"}
{"level":30,"time":"2026-09-23T08:22:06.418Z","service":"reddington-server","env":"development","req":{"id":"eb135a4e-bbcb-4706-91ff-000cc43e7375","method":"GET","url":"/api/auth/me","remoteAddress":"::1"},"res":{"statusCode":304},"responseTime":293,"msg":"GET /me 304"}
{"level":30,"time":"2026-09-23T08:23:08.369Z","service":"reddington-server","env":"development","req":{"id":"c2c7a11b-db22-4be0-b092-51aa6e7660aa","method":"GET","url":"/api/auth/me","remoteAddress":"::1"},"res":{"statusCode":304},"responseTime":3107,"msg":"GET /me 304"}
{"level":30,"time":"2026-09-23T08:23:08.622Z","service":"reddington-server","env":"development","req":{"id":"5fc3b42a-7d68-4911-99d0-b8e8cad389a7","method":"GET","url":"/api/auth/me","remoteAddress":"::1"},"res":{"statusCode":304},"responseTime":245,"msg":"GET /me 304"}
{"level":30,"time":"2026-09-23T08:24:05.757Z","service":"reddington-server","env":"development","req":{"id":"fad72bba-3f22-4518-841c-1a41eb7581a9","method":"GET","url":"/api/auth/me","remoteAddress":"::1"},"res":{"statusCode":304},"responseTime":492,"msg":"GET /me 304"}
{"level":30,"time":"2026-09-23T08:24:06.055Z","service":"reddington-server","env":"development","req":{"id":"4a82340b-ffe3-4744-9f34-ac86d3cef8f7","method":"GET","url":"/api/auth/me","remoteAddress":"::1"},"res":{"statusCode":304},"responseTime":292,"msg":"GET /me 304"}
{"level":30,"time":"2026-09-23T08:25:05.795Z","service":"reddington-server","env":"development","req":{"id":"1273f858-aefb-475c-9446-28b6bb8e3e44","method":"GET","url":"/api/auth/me","remoteAddress":"::1"},"res":{"statusCode":304},"responseTime":493,"msg":"GET /me 304"}
{"level":30,"time":"2026-09-23T08:25:06.054Z","service":"reddington-server","env":"development","req":{"id":"b0407292-8a25-4628-94fa-29c251d4e3e1","method":"GET","url":"/api/auth/me","remoteAddress":"::1"},"res":{"statusCode":304},"responseTime":253,"msg":"GET /me 304"}
{"level":30,"time":"2026-09-23T08:26:06.082Z","service":"reddington-server","env":"development","req":{"id":"5af85d64-f62a-4284-90f0-61ae685e8a23","method":"GET","url":"/api/auth/me","remoteAddress":"::1"},"res":{"statusCode":304},"responseTime":819,"msg":"GET /me 304"}
{"level":30,"time":"2026-09-23T08:26:06.602Z","service":"reddington-server","env":"development","req":{"id":"d8ad532c-c595-4afb-a515-fcf1887589b8","method":"GET","url":"/api/auth/me","remoteAddress":"::1"},"res":{"statusCode":304},"responseTime":513,"msg":"GET /me 304"}
{"level":30,"time":"2026-09-23T08:27:06.057Z","service":"reddington-server","env":"development","req":{"id":"b62102bf-46dd-4082-a488-58088669cec4","method":"GET","url":"/api/auth/me","remoteAddress":"::1"},"res":{"statusCode":304},"responseTime":789,"msg":"GET /me 304"}
{"level":30,"time":"2026-09-23T08:27:06.319Z","service":"reddington-server","env":"development","req":{"id":"11f2dbcc-fdc3-4c1d-a8b4-a4d874174fe6","method":"GET","url":"/api/auth/me","remoteAddress":"::1"},"res":{"statusCode":304},"responseTime":256,"msg":"GET /me 304"}
{"level":30,"time":"2026-09-23T08:28:05.793Z","service":"reddington-server","env":"development","req":{"id":"9bc52259-d152-4aac-9701-31544053e6f5","method":"GET","url":"/api/auth/me","remoteAddress":"::1"},"res":{"statusCode":304},"responseTime":520,"msg":"GET /me 304"}
{"level":30,"time":"2026-09-23T08:28:06.077Z","service":"reddington-server","env":"development","req":{"id":"55219962-a437-4152-bc37-5936c8bbb018","method":"GET","url":"/api/auth/me","remoteAddress":"::1"},"res":{"statusCode":304},"responseTime":278,"msg":"GET /me 304"}
{"level":30,"time":"2026-09-23T08:29:05.790Z","service":"reddington-server","env":"development","req":{"id":"3800c01d-5c9f-4707-a96c-7c0d53509ab5","method":"GET","url":"/api/auth/me","remoteAddress":"::1"},"res":{"statusCode":304},"responseTime":521,"msg":"GET /me 304"}
{"level":30,"time":"2026-09-23T08:29:06.059Z","service":"reddington-server","env":"development","req":{"id":"c0283aae-9773-497f-b99b-ab1c2a074031","method":"GET","url":"/api/auth/me","remoteAddress":"::1"},"res":{"statusCode":304},"responseTime":262,"msg":"GET /me 304"}
{"level":30,"time":"2026-09-23T08:30:05.808Z","service":"reddington-server","env":"development","req":{"id":"14485830-2595-4fdb-ade5-da1d10d9df38","method":"GET","url":"/api/auth/me","remoteAddress":"::1"},"res":{"statusCode":304},"responseTime":542,"msg":"GET /me 304"}
{"level":30,"time":"2026-09-23T08:30:06.079Z","service":"reddington-server","env":"development","req":{"id":"abaacb3b-d8c3-4692-b5ba-0b84530fa557","method":"GET","url":"/api/auth/me","remoteAddress":"::1"},"res":{"statusCode":304},"responseTime":265,"msg":"GET /me 304"}
{"level":30,"time":"2026-09-23T08:31:07.720Z","service":"reddington-server","env":"development","req":{"id":"504ce48b-602a-4d5f-87e3-e293ffca6039","method":"GET","url":"/api/auth/me","remoteAddress":"::1"},"res":{"statusCode":304},"responseTime":2460,"msg":"GET /me 304"}
{"level":30,"time":"2026-09-23T08:31:08.013Z","service":"reddington-server","env":"development","req":{"id":"0da9b336-3656-4e68-991c-e23b437113cc","method":"GET","url":"/api/auth/me","remoteAddress":"::1"},"res":{"statusCode":304},"responseTime":286,"msg":"GET /me 304"}
{"level":30,"time":"2026-09-23T08:32:05.798Z","service":"reddington-server","env":"development","req":{"id":"0cae1322-58b5-4ae0-a25c-20c01caf18ee","method":"GET","url":"/api/auth/me","remoteAddress":"::1"},"res":{"statusCode":304},"responseTime":531,"msg":"GET /me 304"}
{"level":30,"time":"2026-09-23T08:32:06.059Z","service":"reddington-server","env":"development","req":{"id":"6396e633-8f9d-4a42-888c-20018890043c","method":"GET","url":"/api/auth/me","remoteAddress":"::1"},"res":{"statusCode":304},"responseTime":255,"msg":"GET /me 304"}
{"level":50,"time":"2026-09-23T08:47:37.758Z","service":"reddington-server","env":"development","module":"dsar-worker","err":{"type":"PrismaClientKnownRequestError","message":"\nInvalid `prisma.dsarRequest.findMany()` invocation:\n\n\nCan't reach database server at `ep-odd-dawn-aue5pi7n-pooler.c-10.us-east-1.aws.neon.tech:5432`\n\nPlease make sure your database server is running at `ep-odd-dawn-aue5pi7n-pooler.c-10.us-east-1.aws.neon.tech:5432`.","stack":"PrismaClientKnownRequestError: \nInvalid `prisma.dsarRequest.findMany()` invocation:\n\n\nCan't reach database server at `ep-odd-dawn-aue5pi7n-pooler.c-10.us-east-1.aws.neon.tech:5432`\n\nPlease make sure your database server is running at `ep-odd-dawn-aue5pi7n-pooler.c-10.us-east-1.aws.neon.tech:5432`.\n    at ei.handleRequestError (C:\\Users\\subha\\Downloads\\Reddington-demo\\server\\node_modules\\@prisma\\client\\runtime\\library.js:121:7268)\n    at ei.handleAndLogRequestError (C:\\Users\\subha\\Downloads\\Reddington-demo\\server\\node_modules\\@prisma\\client\\runtime\\library.js:121:6593)\n    at ei.request (C:\\Users\\subha\\Downloads\\Reddington-demo\\server\\node_modules\\@prisma\\client\\runtime\\library.js:121:6300)\n    at async a (C:\\Users\\subha\\Downloads\\Reddington-demo\\server\\node_modules\\@prisma\\client\\runtime\\library.js:130:9551)\n    at async processPending (file:///C:/Users/subha/Downloads/Reddington-demo/server/src/modules/dsar/processor.js:268:19)\n    at async Timeout.tick [as _onTimeout] (file:///C:/Users/subha/Downloads/Reddington-demo/server/src/jobs/dsarWorker.js:16:20)","code":"P1001","meta":{"modelName":"DsarRequest","database_location":"ep-odd-dawn-aue5pi7n-pooler.c-10.us-east-1.aws.neon.tech:5432"},"clientVersion":"6.19.3","name":"PrismaClientKnownRequestError"},"msg":"tick failed"}
{"level":50,"time":"2026-09-23T09:01:24.600Z","service":"reddington-server","env":"development","module":"dsar-worker","err":{"type":"PrismaClientKnownRequestError","message":"\nInvalid `prisma.dsarRequest.findMany()` invocation:\n\n\nCan't reach database server at `ep-odd-dawn-aue5pi7n-pooler.c-10.us-east-1.aws.neon.tech:5432`\n\nPlease make sure your database server is running at `ep-odd-dawn-aue5pi7n-pooler.c-10.us-east-1.aws.neon.tech:5432`.","stack":"PrismaClientKnownRequestError: \nInvalid `prisma.dsarRequest.findMany()` invocation:\n\n\nCan't reach database server at `ep-odd-dawn-aue5pi7n-pooler.c-10.us-east-1.aws.neon.tech:5432`\n\nPlease make sure your database server is running at `ep-odd-dawn-aue5pi7n-pooler.c-10.us-east-1.aws.neon.tech:5432`.\n    at ei.handleRequestError (C:\\Users\\subha\\Downloads\\Reddington-demo\\server\\node_modules\\@prisma\\client\\runtime\\library.js:121:7268)\n    at ei.handleAndLogRequestError (C:\\Users\\subha\\Downloads\\Reddington-demo\\server\\node_modules\\@prisma\\client\\runtime\\library.js:121:6593)\n    at ei.request (C:\\Users\\subha\\Downloads\\Reddington-demo\\server\\node_modules\\@prisma\\client\\runtime\\library.js:121:6300)\n    at async a (C:\\Users\\subha\\Downloads\\Reddington-demo\\server\\node_modules\\@prisma\\client\\runtime\\library.js:130:9551)\n    at async processPending (file:///C:/Users/subha/Downloads/Reddington-demo/server/src/modules/dsar/processor.js:268:19)\n    at async Timeout.tick [as _onTimeout] (file:///C:/Users/subha/Downloads/Reddington-demo/server/src/jobs/dsarWorker.js:16:20)","code":"P1001","meta":{"modelName":"DsarRequest","database_location":"ep-odd-dawn-aue5pi7n-pooler.c-10.us-east-1.aws.neon.tech:5432"},"clientVersion":"6.19.3","name":"PrismaClientKnownRequestError"},"msg":"tick failed"}
{"level":30,"time":"2026-09-23T09:01:32.262Z","service":"reddington-server","env":"development","req":{"id":"734680dd-f8fa-4442-a5fc-470832bde243","method":"GET","url":"/api/auth/me","remoteAddress":"::1"},"res":{"statusCode":304},"responseTime":4174,"msg":"GET /me 304"}
{"level":30,"time":"2026-09-23T09:01:32.554Z","service":"reddington-server","env":"development","req":{"id":"bc0231f4-85c8-4385-b67f-39c787f513ec","method":"GET","url":"/api/auth/me","remoteAddress":"::1"},"res":{"statusCode":304},"responseTime":278,"msg":"GET /me 304"}
{"level":30,"time":"2026-09-23T09:02:24.464Z","service":"reddington-server","env":"development","req":{"id":"f0f18663-c165-42db-84a9-a190045ca5cc","method":"GET","url":"/api/auth/me","remoteAddress":"::1"},"res":{"statusCode":304},"responseTime":526,"msg":"GET /me 304"}
{"level":30,"time":"2026-09-23T09:02:24.725Z","service":"reddington-server","env":"development","req":{"id":"1cae5328-469b-4f65-9068-b5f1f0e887ff","method":"GET","url":"/api/auth/me","remoteAddress":"::1"},"res":{"statusCode":304},"responseTime":255,"msg":"GET /me 304"}
{"level":30,"time":"2026-09-23T09:03:24.611Z","service":"reddington-server","env":"development","req":{"id":"51aa9c09-f7e6-47e5-8e45-bb9c70350621","method":"GET","url":"/api/auth/me","remoteAddress":"::1"},"res":{"statusCode":304},"responseTime":758,"msg":"GET /me 304"}
{"level":30,"time":"2026-09-23T09:03:25.130Z","service":"reddington-server","env":"development","req":{"id":"c382d0fe-9d27-48a5-bf60-4bdf926e739b","method":"GET","url":"/api/auth/me","remoteAddress":"::1"},"res":{"statusCode":304},"responseTime":512,"msg":"GET /me 304"}
{"level":30,"time":"2026-09-23T09:04:24.316Z","service":"reddington-server","env":"development","req":{"id":"24cc5ed8-5d97-4f26-a91f-df807ee2f327","method":"GET","url":"/api/auth/me","remoteAddress":"::1"},"res":{"statusCode":304},"responseTime":519,"msg":"GET /me 304"}
{"level":30,"time":"2026-09-23T09:04:24.577Z","service":"reddington-server","env":"development","req":{"id":"a019b587-fc45-438d-bd36-82d6fcd67b97","method":"GET","url":"/api/auth/me","remoteAddress":"::1"},"res":{"statusCode":304},"responseTime":255,"msg":"GET /me 304"}
{"level":30,"time":"2026-09-23T09:05:24.544Z","service":"reddington-server","env":"development","req":{"id":"aad7768a-14db-4d32-b964-836950a42979","method":"GET","url":"/api/auth/me","remoteAddress":"::1"},"res":{"statusCode":304},"responseTime":749,"msg":"GET /me 304"}
{"level":30,"time":"2026-09-23T09:05:24.851Z","service":"reddington-server","env":"development","req":{"id":"40c198fb-b67f-4f79-9cfa-1832ddaa7778","method":"GET","url":"/api/auth/me","remoteAddress":"::1"},"res":{"statusCode":304},"responseTime":300,"msg":"GET /me 304"}
{"level":30,"time":"2026-09-23T09:06:24.320Z","service":"reddington-server","env":"development","req":{"id":"6de64a7b-5642-49d6-9731-80ac65618670","method":"GET","url":"/api/auth/me","remoteAddress":"::1"},"res":{"statusCode":304},"responseTime":517,"msg":"GET /me 304"}
{"level":30,"time":"2026-09-23T09:06:24.616Z","service":"reddington-server","env":"development","req":{"id":"d8c9181d-7cc2-4cde-89fc-ac9bd49f7e9f","method":"GET","url":"/api/auth/me","remoteAddress":"::1"},"res":{"statusCode":304},"responseTime":253,"msg":"GET /me 304"}
{"level":30,"time":"2026-09-23T09:07:24.377Z","service":"reddington-server","env":"development","req":{"id":"c86946e3-6856-4a90-8a82-033da1866dc7","method":"GET","url":"/api/auth/me","remoteAddress":"::1"},"res":{"statusCode":304},"responseTime":550,"msg":"GET /me 304"}
{"level":30,"time":"2026-09-23T09:07:24.677Z","service":"reddington-server","env":"development","req":{"id":"b7f94a36-955e-4239-b8f2-c13646e72186","method":"GET","url":"/api/auth/me","remoteAddress":"::1"},"res":{"statusCode":304},"responseTime":294,"msg":"GET /me 304"}
{"level":30,"time":"2026-09-23T09:08:24.566Z","service":"reddington-server","env":"development","req":{"id":"fcbd427b-a7fd-4346-9337-53fe2d1ca573","method":"GET","url":"/api/auth/me","remoteAddress":"::1"},"res":{"statusCode":304},"responseTime":746,"msg":"GET /me 304"}
{"level":30,"time":"2026-09-23T09:08:24.858Z","service":"reddington-server","env":"development","req":{"id":"a75eb1c3-e1a1-4d6d-8acd-456c57059919","method":"GET","url":"/api/auth/me","remoteAddress":"::1"},"res":{"statusCode":304},"responseTime":287,"msg":"GET /me 304"}
{"level":30,"time":"2026-09-23T09:09:24.596Z","service":"reddington-server","env":"development","req":{"id":"6ee228ab-84cb-4467-902d-134717e33a97","method":"GET","url":"/api/auth/me","remoteAddress":"::1"},"res":{"statusCode":304},"responseTime":792,"msg":"GET /me 304"}
{"level":30,"time":"2026-09-23T09:09:24.865Z","service":"reddington-server","env":"development","req":{"id":"5bb4a922-5122-46e1-9344-4aa70d1749fa","method":"GET","url":"/api/auth/me","remoteAddress":"::1"},"res":{"statusCode":304},"responseTime":263,"msg":"GET /me 304"}
{"level":30,"time":"2026-09-23T09:09:41.112Z","service":"reddington-server","env":"development","req":{"id":"301ae930-3b8c-4fee-b0d7-1bda92c68057","method":"GET","url":"/api/auth/me","remoteAddress":"::1"},"res":{"statusCode":304},"responseTime":499,"msg":"GET /me 304"}
{"level":30,"time":"2026-09-23T09:09:41.369Z","service":"reddington-server","env":"development","req":{"id":"473afbe1-fd2c-4d2b-8437-b59300aeb125","method":"GET","url":"/api/auth/me","remoteAddress":"::1"},"res":{"statusCode":304},"responseTime":253,"msg":"GET /me 304"}
{"level":30,"time":"2026-09-23T09:12:24.431Z","service":"reddington-server","env":"development","req":{"id":"ef526fa6-c883-4e01-bd6c-09beca82ee8d","method":"GET","url":"/api/auth/me","remoteAddress":"::1"},"res":{"statusCode":304},"responseTime":507,"msg":"GET /me 304"}
{"level":30,"time":"2026-09-23T09:12:24.736Z","service":"reddington-server","env":"development","req":{"id":"5e28862c-8a69-4849-8bf4-18d6015bd237","method":"GET","url":"/api/auth/me","remoteAddress":"::1"},"res":{"statusCode":304},"responseTime":261,"msg":"GET /me 304"}
{"level":30,"time":"2026-09-23T09:13:26.341Z","service":"reddington-server","env":"development","req":{"id":"6dd2165e-f1cc-4e1f-9d9e-48e8fff7c783","method":"GET","url":"/api/auth/me","remoteAddress":"::1"},"res":{"statusCode":304},"responseTime":2521,"msg":"GET /me 304"}
{"level":30,"time":"2026-09-23T09:13:26.601Z","service":"reddington-server","env":"development","req":{"id":"29ecb23e-ab07-432b-b9c9-34b7cc709345","method":"GET","url":"/api/auth/me","remoteAddress":"::1"},"res":{"statusCode":304},"responseTime":254,"msg":"GET /me 304"}
{"level":30,"time":"2026-09-23T09:14:24.343Z","service":"reddington-server","env":"development","req":{"id":"832c6e68-3b9e-4d75-9bb5-ea5ea0edf05e","method":"GET","url":"/api/auth/me","remoteAddress":"::1"},"res":{"statusCode":304},"responseTime":529,"msg":"GET /me 304"}
{"level":30,"time":"2026-09-23T09:14:24.632Z","service":"reddington-server","env":"development","req":{"id":"48c3bc75-1e12-4ae4-85e1-a34a3e72f57a","method":"GET","url":"/api/auth/me","remoteAddress":"::1"},"res":{"statusCode":304},"responseTime":282,"msg":"GET /me 304"}
{"level":30,"time":"2026-09-23T09:15:24.270Z","service":"reddington-server","env":"development","req":{"id":"05f82220-9909-4af5-ab28-be9bff584dab","method":"GET","url":"/api/auth/me","remoteAddress":"::1"},"res":{"statusCode":304},"responseTime":483,"msg":"GET /me 304"}
{"level":30,"time":"2026-09-23T09:15:24.521Z","service":"reddington-server","env":"development","req":{"id":"d765bb3c-fe4d-446b-9197-0b71cfff40d4","method":"GET","url":"/api/auth/me","remoteAddress":"::1"},"res":{"statusCode":304},"responseTime":244,"msg":"GET /me 304"}
{"level":30,"time":"2026-09-23T09:16:24.310Z","service":"reddington-server","env":"development","req":{"id":"2d0de1d5-2c68-4bf0-861f-066818289143","method":"GET","url":"/api/auth/me","remoteAddress":"::1"},"res":{"statusCode":304},"responseTime":486,"msg":"GET /me 304"}
{"level":30,"time":"2026-09-23T09:16:24.581Z","service":"reddington-server","env":"development","req":{"id":"fbc422c8-1e12-4294-a9b7-bc603fe69a24","method":"GET","url":"/api/auth/me","remoteAddress":"::1"},"res":{"statusCode":304},"responseTime":265,"msg":"GET /me 304"}
{"level":30,"time":"2026-09-23T09:17:24.272Z","service":"reddington-server","env":"development","req":{"id":"e77b6eba-4061-4649-be08-44e07f51ab94","method":"GET","url":"/api/auth/me","remoteAddress":"::1"},"res":{"statusCode":304},"responseTime":488,"msg":"GET /me 304"}
{"level":30,"time":"2026-09-23T09:17:24.529Z","service":"reddington-server","env":"development","req":{"id":"8de78c2f-721f-437f-8012-f8e0d7be217b","method":"GET","url":"/api/auth/me","remoteAddress":"::1"},"res":{"statusCode":304},"responseTime":249,"msg":"GET /me 304"}
{"level":30,"time":"2026-09-23T09:18:24.280Z","service":"reddington-server","env":"development","req":{"id":"88148dc4-2ee4-49a5-a990-8b4dede0f024","method":"GET","url":"/api/auth/me","remoteAddress":"::1"},"res":{"statusCode":304},"responseTime":488,"msg":"GET /me 304"}
{"level":30,"time":"2026-09-23T09:18:24.530Z","service":"reddington-server","env":"development","req":{"id":"5f929de7-a072-4a32-89c0-b2c0353e9bd4","method":"GET","url":"/api/auth/me","remoteAddress":"::1"},"res":{"statusCode":304},"responseTime":244,"msg":"GET /me 304"}
{"level":30,"time":"2026-09-23T09:19:24.570Z","service":"reddington-server","env":"development","req":{"id":"8102b72a-69b6-437a-b8cd-d0ac9b5d88a3","method":"GET","url":"/api/auth/me","remoteAddress":"::1"},"res":{"statusCode":304},"responseTime":747,"msg":"GET /me 304"}
{"level":30,"time":"2026-09-23T09:19:24.826Z","service":"reddington-server","env":"development","req":{"id":"a1d4a735-5982-4845-9081-b06aef0021d5","method":"GET","url":"/api/auth/me","remoteAddress":"::1"},"res":{"statusCode":304},"responseTime":251,"msg":"GET /me 304"}
{"level":30,"time":"2026-09-23T09:20:01.643Z","service":"reddington-server","env":"development","req":{"id":"4dad6241-ed3e-4196-9860-71639aad9717","method":"GET","url":"/api/auth/me","remoteAddress":"::1"},"res":{"statusCode":304},"responseTime":249,"msg":"GET /me 304"}
{"level":30,"time":"2026-09-23T09:20:01.912Z","service":"reddington-server","env":"development","req":{"id":"f131fb2d-a114-41b0-8920-a5123163f65e","method":"GET","url":"/api/auth/me","remoteAddress":"::1"},"res":{"statusCode":304},"responseTime":263,"msg":"GET /me 304"}
{"level":30,"time":"2026-09-23T09:20:24.290Z","service":"reddington-server","env":"development","req":{"id":"ce147bf4-cd90-4058-a8f6-fa9d84e9fa78","method":"GET","url":"/api/auth/me","remoteAddress":"::1"},"res":{"statusCode":304},"responseTime":496,"msg":"GET /me 304"}
{"level":30,"time":"2026-09-23T09:20:24.546Z","service":"reddington-server","env":"development","req":{"id":"15396eac-0065-49b9-a816-6ace901c1f67","method":"GET","url":"/api/auth/me","remoteAddress":"::1"},"res":{"statusCode":304},"responseTime":250,"msg":"GET /me 304"}
{"level":30,"time":"2026-09-23T09:21:24.349Z","service":"reddington-server","env":"development","req":{"id":"ad23f5e1-07d6-4484-9439-ccb397c1a613","method":"GET","url":"/api/auth/me","remoteAddress":"::1"},"res":{"statusCode":304},"responseTime":539,"msg":"GET /me 304"}
{"level":30,"time":"2026-09-23T09:21:24.606Z","service":"reddington-server","env":"development","req":{"id":"e27c339b-a455-4834-be6a-1a40fc2296e6","method":"GET","url":"/api/auth/me","remoteAddress":"::1"},"res":{"statusCode":304},"responseTime":251,"msg":"GET /me 304"}
{"level":30,"time":"2026-09-23T09:22:24.282Z","service":"reddington-server","env":"development","req":{"id":"62489bd2-7cc2-4c85-abc3-7aa9f95c37a2","method":"GET","url":"/api/auth/me","remoteAddress":"::1"},"res":{"statusCode":304},"responseTime":500,"msg":"GET /me 304"}
{"level":30,"time":"2026-09-23T09:22:24.536Z","service":"reddington-server","env":"development","req":{"id":"0962d831-452b-4618-8177-d9820811a84b","method":"GET","url":"/api/auth/me","remoteAddress":"::1"},"res":{"statusCode":304},"responseTime":248,"msg":"GET /me 304"}
{"level":30,"time":"2026-09-23T09:23:24.310Z","service":"reddington-server","env":"development","req":{"id":"1252c794-9fb8-4877-98fc-66699883752d","method":"GET","url":"/api/auth/me","remoteAddress":"::1"},"res":{"statusCode":304},"responseTime":513,"msg":"GET /me 304"}
{"level":30,"time":"2026-09-23T09:23:24.583Z","service":"reddington-server","env":"development","req":{"id":"a8903052-a756-42d3-937a-e6e607ac7d00","method":"GET","url":"/api/auth/me","remoteAddress":"::1"},"res":{"statusCode":304},"responseTime":267,"msg":"GET /me 304"}
{"level":30,"time":"2026-09-23T09:24:26.270Z","service":"reddington-server","env":"development","req":{"id":"8d3ee757-d272-484d-b94f-4a1d3bfa4ab8","method":"GET","url":"/api/auth/me","remoteAddress":"::1"},"res":{"statusCode":304},"responseTime":2486,"msg":"GET /me 304"}
{"level":30,"time":"2026-09-23T09:24:26.530Z","service":"reddington-server","env":"development","req":{"id":"db0a3e5c-198d-4dc0-a5c5-57d92baf1e34","method":"GET","url":"/api/auth/me","remoteAddress":"::1"},"res":{"statusCode":304},"responseTime":252,"msg":"GET /me 304"}
{"level":30,"time":"2026-09-23T09:25:24.564Z","service":"reddington-server","env":"development","req":{"id":"b77faa58-8b35-4e2e-92ed-403c64b17207","method":"GET","url":"/api/auth/me","remoteAddress":"::1"},"res":{"statusCode":304},"responseTime":758,"msg":"GET /me 304"}
{"level":30,"time":"2026-09-23T09:25:24.826Z","service":"reddington-server","env":"development","req":{"id":"40f9d83c-4321-42b9-95fd-991e0a15d7f4","method":"GET","url":"/api/auth/me","remoteAddress":"::1"},"res":{"statusCode":304},"responseTime":256,"msg":"GET /me 304"}
{"level":30,"time":"2026-09-23T09:26:24.381Z","service":"reddington-server","env":"development","req":{"id":"cf9ce23f-0f71-413e-afb7-3bcaebde09d9","method":"GET","url":"/api/auth/me","remoteAddress":"::1"},"res":{"statusCode":304},"responseTime":530,"msg":"GET /me 304"}
{"level":30,"time":"2026-09-23T09:26:24.664Z","service":"reddington-server","env":"development","req":{"id":"4a398390-9a17-4e08-942e-b58fed07a799","method":"GET","url":"/api/auth/me","remoteAddress":"::1"},"res":{"statusCode":304},"responseTime":275,"msg":"GET /me 304"}
{"level":30,"time":"2026-09-23T09:27:24.352Z","service":"reddington-server","env":"development","req":{"id":"c1b69024-77d5-4ce4-982d-6ddddafed148","method":"GET","url":"/api/auth/me","remoteAddress":"::1"},"res":{"statusCode":304},"responseTime":522,"msg":"GET /me 304"}
{"level":30,"time":"2026-09-23T09:27:24.619Z","service":"reddington-server","env":"development","req":{"id":"82c61365-3b6f-4121-adb8-e7c548991570","method":"GET","url":"/api/auth/me","remoteAddress":"::1"},"res":{"statusCode":304},"responseTime":261,"msg":"GET /me 304"}
{"level":30,"time":"2026-09-23T09:28:24.344Z","service":"reddington-server","env":"development","req":{"id":"015e86f4-63a7-4cbb-8c77-c4de47dca0e8","method":"GET","url":"/api/auth/me","remoteAddress":"::1"},"res":{"statusCode":304},"responseTime":525,"msg":"GET /me 304"}
{"level":30,"time":"2026-09-23T09:28:24.604Z","service":"reddington-server","env":"development","req":{"id":"6c7fd116-0c60-455a-a431-d78c2d7b59fd","method":"GET","url":"/api/auth/me","remoteAddress":"::1"},"res":{"statusCode":304},"responseTime":254,"msg":"GET /me 304"}
{"level":30,"time":"2026-09-23T09:29:24.310Z","service":"reddington-server","env":"development","req":{"id":"6f3c408e-1031-4c5a-88fa-3c849fbf0604","method":"GET","url":"/api/auth/me","remoteAddress":"::1"},"res":{"statusCode":304},"responseTime":515,"msg":"GET /me 304"}
{"level":30,"time":"2026-09-23T09:29:24.588Z","service":"reddington-server","env":"development","req":{"id":"b991a1ba-5ef1-4272-9ab2-750be52ae3e0","method":"GET","url":"/api/auth/me","remoteAddress":"::1"},"res":{"statusCode":304},"responseTime":272,"msg":"GET /me 304"}
{"level":30,"time":"2026-09-23T09:30:12.788Z","service":"reddington-server","env":"development","req":{"id":"513378ff-d449-47f9-afbf-b4fdddb8f844","method":"GET","url":"/api/auth/me","remoteAddress":"::1"},"res":{"statusCode":304},"responseTime":726,"msg":"GET /me 304"}
{"level":30,"time":"2026-09-23T09:30:13.040Z","service":"reddington-server","env":"development","req":{"id":"86b1d131-02a3-408f-a2ff-aa632c1df33f","method":"GET","url":"/api/auth/me","remoteAddress":"::1"},"res":{"statusCode":304},"responseTime":245,"msg":"GET /me 304"}
{"level":30,"time":"2026-09-23T09:30:24.108Z","service":"reddington-server","env":"development","req":{"id":"d02c3575-ef61-4039-94b1-f37f42555a83","method":"GET","url":"/api/auth/me","remoteAddress":"::1"},"res":{"statusCode":304},"responseTime":244,"msg":"GET /me 304"}
{"level":30,"time":"2026-09-23T09:30:24.362Z","service":"reddington-server","env":"development","req":{"id":"9c534ebc-990b-4388-88d1-8d37a7b640a8","method":"GET","url":"/api/auth/me","remoteAddress":"::1"},"res":{"statusCode":304},"responseTime":247,"msg":"GET /me 304"}
{"level":30,"time":"2026-09-23T09:31:24.276Z","service":"reddington-server","env":"development","req":{"id":"b8461215-d57d-471b-b987-ae3595bf5586","method":"GET","url":"/api/auth/me","remoteAddress":"::1"},"res":{"statusCode":304},"responseTime":489,"msg":"GET /me 304"}
{"level":30,"time":"2026-09-23T09:31:24.530Z","service":"reddington-server","env":"development","req":{"id":"0f35cef4-b3a5-4b7c-a46c-ed432d6f5c07","method":"GET","url":"/api/auth/me","remoteAddress":"::1"},"res":{"statusCode":304},"responseTime":248,"msg":"GET /me 304"}
{"level":30,"time":"2026-09-23T09:32:24.275Z","service":"reddington-server","env":"development","req":{"id":"99b81996-c9a2-4cf2-b31f-832974bf9d75","method":"GET","url":"/api/auth/me","remoteAddress":"::1"},"res":{"statusCode":304},"responseTime":501,"msg":"GET /me 304"}
{"level":30,"time":"2026-09-23T09:32:24.525Z","service":"reddington-server","env":"development","req":{"id":"d10819a0-dec4-4254-bdf3-0b5865a1b98b","method":"GET","url":"/api/auth/me","remoteAddress":"::1"},"res":{"statusCode":304},"responseTime":244,"msg":"GET /me 304"}
{"level":30,"time":"2026-09-23T09:33:24.296Z","service":"reddington-server","env":"development","req":{"id":"c2823882-8562-4c1e-9d7a-e9707ba5d020","method":"GET","url":"/api/auth/me","remoteAddress":"::1"},"res":{"statusCode":304},"responseTime":484,"msg":"GET /me 304"}
{"level":30,"time":"2026-09-23T09:33:24.550Z","service":"reddington-server","env":"development","req":{"id":"bc1599ab-5506-4c14-86d1-a72542731ad7","method":"GET","url":"/api/auth/me","remoteAddress":"::1"},"res":{"statusCode":304},"responseTime":246,"msg":"GET /me 304"}
{"level":30,"time":"2026-09-23T09:34:24.339Z","service":"reddington-server","env":"development","req":{"id":"dd4857f4-8f84-47bc-9281-e6dc3d973760","method":"GET","url":"/api/auth/me","remoteAddress":"::1"},"res":{"statusCode":304},"responseTime":524,"msg":"GET /me 304"}
{"level":30,"time":"2026-09-23T09:34:24.588Z","service":"reddington-server","env":"development","req":{"id":"921d2364-aabf-4c1d-83c8-6ba97a24d114","method":"GET","url":"/api/auth/me","remoteAddress":"::1"},"res":{"statusCode":304},"responseTime":243,"msg":"GET /me 304"}
{"level":30,"time":"2026-09-23T09:35:26.212Z","service":"reddington-server","env":"development","req":{"id":"4261bdf0-371f-4962-b590-19de854f7733","method":"GET","url":"/api/auth/me","remoteAddress":"::1"},"res":{"statusCode":304},"responseTime":2393,"msg":"GET /me 304"}
{"level":30,"time":"2026-09-23T09:35:26.464Z","service":"reddington-server","env":"development","req":{"id":"d669554d-36dd-4e56-9cc7-6fa9c819af6b","method":"GET","url":"/api/auth/me","remoteAddress":"::1"},"res":{"statusCode":304},"responseTime":247,"msg":"GET /me 304"}
{"level":30,"time":"2026-09-23T09:36:24.579Z","service":"reddington-server","env":"development","req":{"id":"3c026b3f-108d-4e97-8ee8-6ba527ed4ebd","method":"GET","url":"/api/auth/me","remoteAddress":"::1"},"res":{"statusCode":304},"responseTime":802,"msg":"GET /me 304"}
{"level":30,"time":"2026-09-23T09:36:24.887Z","service":"reddington-server","env":"development","req":{"id":"44915ca3-d6d4-4bb1-9b6e-9ff3e0387dcf","method":"GET","url":"/api/auth/me","remoteAddress":"::1"},"res":{"statusCode":304},"responseTime":302,"msg":"GET /me 304"}
{"level":30,"time":"2026-09-23T09:37:24.373Z","service":"reddington-server","env":"development","req":{"id":"263a9fef-6021-4b79-ae74-937e413c98fc","method":"GET","url":"/api/auth/me","remoteAddress":"::1"},"res":{"statusCode":304},"responseTime":559,"msg":"GET /me 304"}
{"level":30,"time":"2026-09-23T09:37:24.626Z","service":"reddington-server","env":"development","req":{"id":"9c02f44d-fecc-47ed-b6ac-14024f8e5bfa","method":"GET","url":"/api/auth/me","remoteAddress":"::1"},"res":{"statusCode":304},"responseTime":246,"msg":"GET /me 304"}
{"level":30,"time":"2026-09-23T09:38:24.770Z","service":"reddington-server","env":"development","req":{"id":"ab522f5c-dc9c-4f83-b7d2-42ec82f0e1e3","method":"GET","url":"/api/auth/me","remoteAddress":"::1"},"res":{"statusCode":304},"responseTime":959,"msg":"GET /me 304"}
{"level":30,"time":"2026-09-23T09:38:25.113Z","service":"reddington-server","env":"development","req":{"id":"f91b8709-9986-47ce-ac66-ff19ff290419","method":"GET","url":"/api/auth/me","remoteAddress":"::1"},"res":{"statusCode":304},"responseTime":335,"msg":"GET /me 304"}
{"level":30,"time":"2026-09-23T09:39:24.286Z","service":"reddington-server","env":"development","req":{"id":"994cfd0e-f4b8-490b-a542-110f7ee2cdd7","method":"GET","url":"/api/auth/me","remoteAddress":"::1"},"res":{"statusCode":304},"responseTime":490,"msg":"GET /me 304"}
{"level":30,"time":"2026-09-23T09:39:24.547Z","service":"reddington-server","env":"development","req":{"id":"8152bda7-835a-47d1-b5a7-0ef4b1182e85","method":"GET","url":"/api/auth/me","remoteAddress":"::1"},"res":{"statusCode":304},"responseTime":254,"msg":"GET /me 304"}
{"level":30,"time":"2026-09-23T09:40:24.326Z","service":"reddington-server","env":"development","req":{"id":"0612ab98-3c2e-4503-ba0c-3023258915da","method":"GET","url":"/api/auth/me","remoteAddress":"::1"},"res":{"statusCode":304},"responseTime":497,"msg":"GET /me 304"}
{"level":30,"time":"2026-09-23T09:40:24.576Z","service":"reddington-server","env":"development","req":{"id":"e56be1ad-b890-4b4b-ac15-30412baaf16f","method":"GET","url":"/api/auth/me","remoteAddress":"::1"},"res":{"statusCode":304},"responseTime":244,"msg":"GET /me 304"}
{"level":30,"time":"2026-09-23T09:41:24.548Z","service":"reddington-server","env":"development","req":{"id":"dc9966ff-689e-45c3-8b33-908d80eaadc7","method":"GET","url":"/api/auth/me","remoteAddress":"::1"},"res":{"statusCode":304},"responseTime":723,"msg":"GET /me 304"}
{"level":30,"time":"2026-09-23T09:41:24.803Z","service":"reddington-server","env":"development","req":{"id":"87645086-02c9-4f6f-bea5-d9c11c264210","method":"GET","url":"/api/auth/me","remoteAddress":"::1"},"res":{"statusCode":304},"responseTime":249,"msg":"GET /me 304"}
{"level":30,"time":"2026-09-23T09:42:24.362Z","service":"reddington-server","env":"development","req":{"id":"0135c673-0529-450f-940a-280aa6defc78","method":"GET","url":"/api/auth/me","remoteAddress":"::1"},"res":{"statusCode":304},"responseTime":562,"msg":"GET /me 304"}
{"level":30,"time":"2026-09-23T09:42:24.640Z","service":"reddington-server","env":"development","req":{"id":"b2e6809e-cb66-4fcf-8e86-945bf55a2878","method":"GET","url":"/api/auth/me","remoteAddress":"::1"},"res":{"statusCode":304},"responseTime":271,"msg":"GET /me 304"}
{"level":30,"time":"2026-09-23T09:43:24.285Z","service":"reddington-server","env":"development","req":{"id":"5d0c7624-b724-4401-afa6-8c36dd372a77","method":"GET","url":"/api/auth/me","remoteAddress":"::1"},"res":{"statusCode":304},"responseTime":487,"msg":"GET /me 304"}
{"level":30,"time":"2026-09-23T09:43:24.543Z","service":"reddington-server","env":"development","req":{"id":"12d0fde1-7de5-4a09-9d2a-7a35d87a4097","method":"GET","url":"/api/auth/me","remoteAddress":"::1"},"res":{"statusCode":304},"responseTime":251,"msg":"GET /me 304"}
{"level":30,"time":"2026-09-23T09:44:24.312Z","service":"reddington-server","env":"development","req":{"id":"bb24e95d-c28c-473f-ba88-2b9d9a56f02c","method":"GET","url":"/api/auth/me","remoteAddress":"::1"},"res":{"statusCode":304},"responseTime":481,"msg":"GET /me 304"}
{"level":30,"time":"2026-09-23T09:44:24.564Z","service":"reddington-server","env":"development","req":{"id":"74fda58b-0980-401e-8d5c-374d25471b20","method":"GET","url":"/api/auth/me","remoteAddress":"::1"},"res":{"statusCode":304},"responseTime":245,"msg":"GET /me 304"}
{"level":30,"time":"2026-09-23T09:45:24.305Z","service":"reddington-server","env":"development","req":{"id":"28954376-0f8a-4a45-b737-6da4a1c93455","method":"GET","url":"/api/auth/me","remoteAddress":"::1"},"res":{"statusCode":304},"responseTime":498,"msg":"GET /me 304"}
{"level":30,"time":"2026-09-23T09:45:24.554Z","service":"reddington-server","env":"development","req":{"id":"906dedec-2a86-4133-997e-5d215461d56d","method":"GET","url":"/api/auth/me","remoteAddress":"::1"},"res":{"statusCode":304},"responseTime":243,"msg":"GET /me 304"}
{"level":30,"time":"2026-09-23T09:46:26.252Z","service":"reddington-server","env":"development","req":{"id":"6df0ebe4-2398-4071-9d53-b8a9b8f54a57","method":"GET","url":"/api/auth/me","remoteAddress":"::1"},"res":{"statusCode":304},"responseTime":2445,"msg":"GET /me 304"}
{"level":30,"time":"2026-09-23T09:46:26.517Z","service":"reddington-server","env":"development","req":{"id":"10e357c5-fbe1-4c5d-a5ba-13bdcb93d942","method":"GET","url":"/api/auth/me","remoteAddress":"::1"},"res":{"statusCode":304},"responseTime":259,"msg":"GET /me 304"}
{"level":30,"time":"2026-09-23T09:47:24.549Z","service":"reddington-server","env":"development","req":{"id":"17c265ca-92ae-4bf5-933a-6addafb25b5d","method":"GET","url":"/api/auth/me","remoteAddress":"::1"},"res":{"statusCode":304},"responseTime":746,"msg":"GET /me 304"}
{"level":30,"time":"2026-09-23T09:47:24.810Z","service":"reddington-server","env":"development","req":{"id":"2fc4fc27-7325-4f2e-978a-327acafb6e23","method":"GET","url":"/api/auth/me","remoteAddress":"::1"},"res":{"statusCode":304},"responseTime":253,"msg":"GET /me 304"}
{"level":30,"time":"2026-09-23T09:48:24.429Z","service":"reddington-server","env":"development","req":{"id":"dfadfc4b-4198-4665-8899-5b0a3fd22846","method":"GET","url":"/api/auth/me","remoteAddress":"::1"},"res":{"statusCode":304},"responseTime":630,"msg":"GET /me 304"}
{"level":30,"time":"2026-09-23T09:48:24.731Z","service":"reddington-server","env":"development","req":{"id":"b2ad621c-a66c-4d3f-b06b-491e7996718e","method":"GET","url":"/api/auth/me","remoteAddress":"::1"},"res":{"statusCode":304},"responseTime":297,"msg":"GET /me 304"}
{"level":30,"time":"2026-09-23T09:49:24.291Z","service":"reddington-server","env":"development","req":{"id":"eb635a4e-ba23-49f0-9176-100931420bc1","method":"GET","url":"/api/auth/me","remoteAddress":"::1"},"res":{"statusCode":304},"responseTime":499,"msg":"GET /me 304"}
{"level":30,"time":"2026-09-23T09:49:24.546Z","service":"reddington-server","env":"development","req":{"id":"5fa277c9-ca1b-428f-820a-70201b7bf10d","method":"GET","url":"/api/auth/me","remoteAddress":"::1"},"res":{"statusCode":304},"responseTime":249,"msg":"GET /me 304"}
{"level":30,"time":"2026-09-23T09:50:24.298Z","service":"reddington-server","env":"development","req":{"id":"a5d1298b-8ed0-4e32-86ac-795a7e0512bc","method":"GET","url":"/api/auth/me","remoteAddress":"::1"},"res":{"statusCode":304},"responseTime":517,"msg":"GET /me 304"}
{"level":30,"time":"2026-09-23T09:50:24.590Z","service":"reddington-server","env":"development","req":{"id":"816e4c47-1942-472e-bf60-c0d470a29bb4","method":"GET","url":"/api/auth/me","remoteAddress":"::1"},"res":{"statusCode":304},"responseTime":285,"msg":"GET /me 304"}
{"level":30,"time":"2026-09-23T09:51:24.381Z","service":"reddington-server","env":"development","req":{"id":"59afe7f0-acd1-402f-8c97-bcf7903c80ca","method":"GET","url":"/api/auth/me","remoteAddress":"::1"},"res":{"statusCode":304},"responseTime":528,"msg":"GET /me 304"}
{"level":30,"time":"2026-09-23T09:51:24.640Z","service":"reddington-server","env":"development","req":{"id":"1963b2d0-020f-41fe-9174-9a0f056a07f4","method":"GET","url":"/api/auth/me","remoteAddress":"::1"},"res":{"statusCode":304},"responseTime":251,"msg":"GET /me 304"}
{"level":30,"time":"2026-09-23T09:52:24.559Z","service":"reddington-server","env":"development","req":{"id":"0979816d-c66b-46fb-96b3-a0bb731c6ac3","method":"GET","url":"/api/auth/me","remoteAddress":"::1"},"res":{"statusCode":304},"responseTime":746,"msg":"GET /me 304"}
{"level":30,"time":"2026-09-23T09:52:24.866Z","service":"reddington-server","env":"development","req":{"id":"381c409b-e60f-4acc-b026-74a2187e47cc","method":"GET","url":"/api/auth/me","remoteAddress":"::1"},"res":{"statusCode":304},"responseTime":300,"msg":"GET /me 304"}
{"level":30,"time":"2026-09-23T09:53:24.292Z","service":"reddington-server","env":"development","req":{"id":"63310265-9519-419b-a6f0-9710a0993ed8","method":"GET","url":"/api/auth/me","remoteAddress":"::1"},"res":{"statusCode":304},"responseTime":493,"msg":"GET /me 304"}
{"level":30,"time":"2026-09-23T09:53:24.594Z","service":"reddington-server","env":"development","req":{"id":"de7a04e9-4067-4a27-9920-46b5a1aca500","method":"GET","url":"/api/auth/me","remoteAddress":"::1"},"res":{"statusCode":304},"responseTime":254,"msg":"GET /me 304"}
{"level":30,"time":"2026-09-23T09:54:24.296Z","service":"reddington-server","env":"development","req":{"id":"287d1eb3-012d-4006-845b-3784c8552a6a","method":"GET","url":"/api/auth/me","remoteAddress":"::1"},"res":{"statusCode":304},"responseTime":516,"msg":"GET /me 304"}
{"level":30,"time":"2026-09-23T09:54:24.551Z","service":"reddington-server","env":"development","req":{"id":"9e1fc68f-0ee8-4d5c-8bdc-2ac927e70aea","method":"GET","url":"/api/auth/me","remoteAddress":"::1"},"res":{"statusCode":304},"responseTime":248,"msg":"GET /me 304"}
{"level":30,"time":"2026-09-23T09:55:24.311Z","service":"reddington-server","env":"development","req":{"id":"8c72f77d-e3b9-4d47-98cc-8546bd02a535","method":"GET","url":"/api/auth/me","remoteAddress":"::1"},"res":{"statusCode":304},"responseTime":492,"msg":"GET /me 304"}
{"level":30,"time":"2026-09-23T09:55:24.568Z","service":"reddington-server","env":"development","req":{"id":"cef4b0f1-e328-46e7-bfd2-1ad048c78c25","method":"GET","url":"/api/auth/me","remoteAddress":"::1"},"res":{"statusCode":304},"responseTime":251,"msg":"GET /me 304"}
{"level":30,"time":"2026-09-23T09:56:24.294Z","service":"reddington-server","env":"development","req":{"id":"590d7fd7-f666-42ae-a618-7c299d26b68e","method":"GET","url":"/api/auth/me","remoteAddress":"::1"},"res":{"statusCode":304},"responseTime":496,"msg":"GET /me 304"}
{"level":30,"time":"2026-09-23T09:56:24.548Z","service":"reddington-server","env":"development","req":{"id":"7d433aca-e433-4262-a47d-a577e2175437","method":"GET","url":"/api/auth/me","remoteAddress":"::1"},"res":{"statusCode":304},"responseTime":248,"msg":"GET /me 304"}
{"level":30,"time":"2026-09-23T09:57:26.264Z","service":"reddington-server","env":"development","req":{"id":"7e671e77-4a06-4702-aecb-290a494692e9","method":"GET","url":"/api/auth/me","remoteAddress":"::1"},"res":{"statusCode":304},"responseTime":2431,"msg":"GET /me 304"}
{"level":30,"time":"2026-09-23T09:57:26.602Z","service":"reddington-server","env":"development","req":{"id":"85d7d61e-0c76-4d8f-8751-47ac7cbe81a0","method":"GET","url":"/api/auth/me","remoteAddress":"::1"},"res":{"statusCode":304},"responseTime":330,"msg":"GET /me 304"}
{"level":30,"time":"2026-09-23T09:58:24.588Z","service":"reddington-server","env":"development","req":{"id":"4f23c497-d9cd-495a-b829-13e73328bc56","method":"GET","url":"/api/auth/me","remoteAddress":"::1"},"res":{"statusCode":304},"responseTime":764,"msg":"GET /me 304"}
{"level":30,"time":"2026-09-23T09:58:24.850Z","service":"reddington-server","env":"development","req":{"id":"165a2c32-fde5-420c-8ad7-2ffaf2c9f7ff","method":"GET","url":"/api/auth/me","remoteAddress":"::1"},"res":{"statusCode":304},"responseTime":257,"msg":"GET /me 304"}
{"level":30,"time":"2026-09-23T09:59:24.320Z","service":"reddington-server","env":"development","req":{"id":"066277d7-ecd6-48d5-8baa-a76b891e7e56","method":"GET","url":"/api/auth/me","remoteAddress":"::1"},"res":{"statusCode":304},"responseTime":513,"msg":"GET /me 304"}
{"level":30,"time":"2026-09-23T09:59:24.584Z","service":"reddington-server","env":"development","req":{"id":"81ff9dc1-82c4-4ea3-97ca-ba0a207bd04d","method":"GET","url":"/api/auth/me","remoteAddress":"::1"},"res":{"statusCode":304},"responseTime":258,"msg":"GET /me 304"}
{"level":30,"time":"2026-09-23T10:00:24.472Z","service":"reddington-server","env":"development","req":{"id":"c023af86-38ca-4baa-b729-3360a7b99316","method":"GET","url":"/api/auth/me","remoteAddress":"::1"},"res":{"statusCode":304},"responseTime":514,"msg":"GET /me 304"}
{"level":30,"time":"2026-09-23T10:00:24.735Z","service":"reddington-server","env":"development","req":{"id":"ef922d1e-ad16-43a5-95c0-2b0dee4821e2","method":"GET","url":"/api/auth/me","remoteAddress":"::1"},"res":{"statusCode":304},"responseTime":256,"msg":"GET /me 304"}
{"level":30,"time":"2026-09-23T10:01:24.498Z","service":"reddington-server","env":"development","req":{"id":"64770237-3887-4ba9-8983-f8d5baa6b34e","method":"GET","url":"/api/auth/me","remoteAddress":"::1"},"res":{"statusCode":304},"responseTime":629,"msg":"GET /me 304"}
{"level":30,"time":"2026-09-23T10:01:24.769Z","service":"reddington-server","env":"development","req":{"id":"f5434cfa-fa4e-4f50-8edf-eb4d28424223","method":"GET","url":"/api/auth/me","remoteAddress":"::1"},"res":{"statusCode":304},"responseTime":265,"msg":"GET /me 304"}
{"level":30,"time":"2026-09-23T10:02:24.443Z","service":"reddington-server","env":"development","req":{"id":"e4227c84-91f9-4558-b485-902eb76fcdce","method":"GET","url":"/api/auth/me","remoteAddress":"::1"},"res":{"statusCode":304},"responseTime":509,"msg":"GET /me 304"}
{"level":30,"time":"2026-09-23T10:02:24.703Z","service":"reddington-server","env":"development","req":{"id":"e8f4b3ef-9239-4aa1-a273-f1110e050f2d","method":"GET","url":"/api/auth/me","remoteAddress":"::1"},"res":{"statusCode":304},"responseTime":256,"msg":"GET /me 304"}
{"level":30,"time":"2026-09-23T10:02:52.701Z","service":"reddington-server","env":"development","req":{"id":"79d7ba81-cc7f-4322-a67a-7661d3dd00da","method":"GET","url":"/api/auth/me","remoteAddress":"::1"},"res":{"statusCode":304},"responseTime":2378,"msg":"GET /me 304"}
{"level":30,"time":"2026-09-23T10:02:53.049Z","service":"reddington-server","env":"development","req":{"id":"355ed672-de6c-4150-993a-70f541c6c7b8","method":"GET","url":"/api/auth/me","remoteAddress":"::1"},"res":{"statusCode":304},"responseTime":342,"msg":"GET /me 304"}
{"level":30,"time":"2026-09-23T10:04:24.316Z","service":"reddington-server","env":"development","req":{"id":"a65bb241-c7a4-4a3a-806f-f99c0730e740","method":"GET","url":"/api/auth/me","remoteAddress":"::1"},"res":{"statusCode":304},"responseTime":491,"msg":"GET /me 304"}
{"level":30,"time":"2026-09-23T10:04:24.586Z","service":"reddington-server","env":"development","req":{"id":"c7dc043e-3016-4eff-8216-724cc207c759","method":"GET","url":"/api/auth/me","remoteAddress":"::1"},"res":{"statusCode":304},"responseTime":252,"msg":"GET /me 304"}
{"level":30,"time":"2026-09-23T10:05:00.680Z","service":"reddington-server","env":"development","req":{"id":"ff02f25c-fbd0-477f-b3ca-ea033c28a92c","method":"GET","url":"/api/auth/me","remoteAddress":"::1"},"res":{"statusCode":304},"responseTime":252,"msg":"GET /me 304"}
{"level":30,"time":"2026-09-23T10:05:00.988Z","service":"reddington-server","env":"development","req":{"id":"a0d99c0a-3c64-490f-a5cd-cd044af2d71e","method":"GET","url":"/api/auth/me","remoteAddress":"::1"},"res":{"statusCode":304},"responseTime":301,"msg":"GET /me 304"}
{"level":30,"time":"2026-09-23T10:05:24.320Z","service":"reddington-server","env":"development","req":{"id":"fc7ae88b-6564-45ef-9010-0f1f86672a55","method":"GET","url":"/api/auth/me","remoteAddress":"::1"},"res":{"statusCode":304},"responseTime":493,"msg":"GET /me 304"}
{"level":30,"time":"2026-09-23T10:05:24.574Z","service":"reddington-server","env":"development","req":{"id":"1372721a-1a6a-4f8f-87aa-0bbae0388e04","method":"GET","url":"/api/auth/me","remoteAddress":"::1"},"res":{"statusCode":304},"responseTime":249,"msg":"GET /me 304"}
{"level":30,"time":"2026-09-23T10:06:24.315Z","service":"reddington-server","env":"development","req":{"id":"4014192f-fd0a-4f22-922d-be0a528eeda2","method":"GET","url":"/api/auth/me","remoteAddress":"::1"},"res":{"statusCode":304},"responseTime":542,"msg":"GET /me 304"}
{"level":30,"time":"2026-09-23T10:06:24.574Z","service":"reddington-server","env":"development","req":{"id":"03c593fb-b09a-42a2-bb9b-71074b315abc","method":"GET","url":"/api/auth/me","remoteAddress":"::1"},"res":{"statusCode":304},"responseTime":251,"msg":"GET /me 304"}
{"level":30,"time":"2026-09-23T10:07:24.290Z","service":"reddington-server","env":"development","req":{"id":"89f98009-11b2-44e8-8bb5-b0e72e0ce4e4","method":"GET","url":"/api/auth/me","remoteAddress":"::1"},"res":{"statusCode":304},"responseTime":493,"msg":"GET /me 304"}
{"level":30,"time":"2026-09-23T10:07:24.545Z","service":"reddington-server","env":"development","req":{"id":"297259e7-995e-4fcf-b7b8-10672088976a","method":"GET","url":"/api/auth/me","remoteAddress":"::1"},"res":{"statusCode":304},"responseTime":250,"msg":"GET /me 304"}
{"level":30,"time":"2026-09-23T10:08:24.604Z","service":"reddington-server","env":"development","req":{"id":"157c141f-cbfc-4e01-adb4-4ebe0a6b8ed7","method":"GET","url":"/api/auth/me","remoteAddress":"::1"},"res":{"statusCode":304},"responseTime":732,"msg":"GET /me 304"}
{"level":30,"time":"2026-09-23T10:08:24.915Z","service":"reddington-server","env":"development","req":{"id":"a8ffe99f-ac9a-4169-b776-ef76fd2017ca","method":"GET","url":"/api/auth/me","remoteAddress":"::1"},"res":{"statusCode":304},"responseTime":269,"msg":"GET /me 304"}
{"level":30,"time":"2026-09-23T10:09:24.313Z","service":"reddington-server","env":"development","req":{"id":"3d906be1-0e44-44c8-b735-2b31f1f25037","method":"GET","url":"/api/auth/me","remoteAddress":"::1"},"res":{"statusCode":304},"responseTime":490,"msg":"GET /me 304"}
{"level":30,"time":"2026-09-23T10:09:24.565Z","service":"reddington-server","env":"development","req":{"id":"d8bc4ed7-f126-409c-a1d0-5634c60c80c7","method":"GET","url":"/api/auth/me","remoteAddress":"::1"},"res":{"statusCode":304},"responseTime":247,"msg":"GET /me 304"}
{"level":30,"time":"2026-09-23T10:10:24.338Z","service":"reddington-server","env":"development","req":{"id":"9964081d-8356-4c5a-be29-7e08bc30876e","method":"GET","url":"/api/auth/me","remoteAddress":"::1"},"res":{"statusCode":304},"responseTime":538,"msg":"GET /me 304"}
{"level":30,"time":"2026-09-23T10:10:24.634Z","service":"reddington-server","env":"development","req":{"id":"28dc67d1-0b7e-4944-ba98-884315ab0338","method":"GET","url":"/api/auth/me","remoteAddress":"::1"},"res":{"statusCode":304},"responseTime":290,"msg":"GET /me 304"}
{"level":30,"time":"2026-09-23T10:11:24.345Z","service":"reddington-server","env":"development","req":{"id":"ce44a518-2a96-4532-b16d-e33ea57c0f2b","method":"GET","url":"/api/auth/me","remoteAddress":"::1"},"res":{"statusCode":304},"responseTime":506,"msg":"GET /me 304"}
{"level":30,"time":"2026-09-23T10:11:24.598Z","service":"reddington-server","env":"development","req":{"id":"257e22ca-bec1-420a-a86d-10e38bc491fc","method":"GET","url":"/api/auth/me","remoteAddress":"::1"},"res":{"statusCode":304},"responseTime":247,"msg":"GET /me 304"}
{"level":30,"time":"2026-09-23T10:12:24.346Z","service":"reddington-server","env":"development","req":{"id":"a1ed6bea-8ba5-46c1-b44a-639fd8f46adf","method":"GET","url":"/api/auth/me","remoteAddress":"::1"},"res":{"statusCode":304},"responseTime":532,"msg":"GET /me 304"}
{"level":30,"time":"2026-09-23T10:12:24.612Z","service":"reddington-server","env":"development","req":{"id":"7bbef569-5509-4095-a58d-13ee97aead73","method":"GET","url":"/api/auth/me","remoteAddress":"::1"},"res":{"statusCode":304},"responseTime":261,"msg":"GET /me 304"}
{"level":30,"time":"2026-09-23T10:13:27.260Z","service":"reddington-server","env":"development","req":{"id":"f858e209-6b96-4673-9670-a7bc6e4afdcf","method":"GET","url":"/api/auth/me","remoteAddress":"::1"},"res":{"statusCode":304},"responseTime":3450,"msg":"GET /me 304"}
{"level":30,"time":"2026-09-23T10:13:27.536Z","service":"reddington-server","env":"development","req":{"id":"6496f250-9f8e-409d-9820-07e06d188c92","method":"GET","url":"/api/auth/me","remoteAddress":"::1"},"res":{"statusCode":304},"responseTime":264,"msg":"GET /me 304"}
{"level":30,"time":"2026-09-23T10:14:01.752Z","service":"reddington-server","env":"development","req":{"id":"2f0009e5-15bd-467c-9c0d-31e0160a1e67","method":"GET","url":"/api/auth/me","remoteAddress":"::1"},"res":{"statusCode":304},"responseTime":504,"msg":"GET /me 304"}
{"level":30,"time":"2026-09-23T10:14:02.549Z","service":"reddington-server","env":"development","req":{"id":"74150b4e-f731-4601-b2bb-7cb2837467b3","method":"GET","url":"/api/auth/me","remoteAddress":"::1"},"res":{"statusCode":304},"responseTime":754,"msg":"GET /me 304"}
{"level":30,"time":"2026-09-23T10:16:06.958Z","service":"reddington-server","env":"development","req":{"id":"8a043c35-ea6c-4b58-8268-6b61173a2287","method":"GET","url":"/api/auth/me","remoteAddress":"::1"},"res":{"statusCode":304},"responseTime":271,"msg":"GET /me 304"}
{"level":30,"time":"2026-09-23T10:16:07.226Z","service":"reddington-server","env":"development","req":{"id":"181d6115-ba7b-441a-889f-33d34fc14992","method":"GET","url":"/api/auth/me","remoteAddress":"::1"},"res":{"statusCode":304},"responseTime":251,"msg":"GET /me 304"}
{"level":30,"time":"2026-09-23T10:17:56.801Z","service":"reddington-server","env":"development","req":{"id":"5f553a54-a80f-41aa-a349-96564f256d4e","method":"GET","url":"/api/auth/me","remoteAddress":"::1"},"res":{"statusCode":304},"responseTime":265,"msg":"GET /me 304"}
{"level":30,"time":"2026-09-23T10:17:57.065Z","service":"reddington-server","env":"development","req":{"id":"0103f10a-5ee1-4e74-bea8-d53576446829","method":"GET","url":"/api/auth/me","remoteAddress":"::1"},"res":{"statusCode":304},"responseTime":256,"msg":"GET /me 304"}
{"level":30,"time":"2026-09-23T10:18:06.901Z","service":"reddington-server","env":"development","req":{"id":"3e79b595-0a08-4547-b70f-50d87506a0f4","method":"GET","url":"/api/auth/me","remoteAddress":"::1"},"res":{"statusCode":304},"responseTime":248,"msg":"GET /me 304"}
{"level":30,"time":"2026-09-23T10:18:07.162Z","service":"reddington-server","env":"development","req":{"id":"6bb781eb-5516-42ee-b5b8-10dc49a53de6","method":"GET","url":"/api/auth/me","remoteAddress":"::1"},"res":{"statusCode":304},"responseTime":249,"msg":"GET /me 304"}
{"level":30,"time":"2026-09-23T10:18:24.402Z","service":"reddington-server","env":"development","req":{"id":"cfe5ef63-823e-4d03-a4e7-61b55e542044","method":"GET","url":"/api/auth/me","remoteAddress":"::1"},"res":{"statusCode":304},"responseTime":628,"msg":"GET /me 304"}
{"level":30,"time":"2026-09-23T10:18:24.676Z","service":"reddington-server","env":"development","req":{"id":"91714cc0-532d-498c-a2b1-386e83a766e5","method":"GET","url":"/api/auth/me","remoteAddress":"::1"},"res":{"statusCode":304},"responseTime":261,"msg":"GET /me 304"}
{"level":30,"time":"2026-09-23T10:19:24.571Z","service":"reddington-server","env":"development","req":{"id":"e09fb4cb-0c28-4048-a3fa-70927146cdd8","method":"GET","url":"/api/auth/me","remoteAddress":"::1"},"res":{"statusCode":304},"responseTime":758,"msg":"GET /me 304"}
{"level":30,"time":"2026-09-23T10:19:24.826Z","service":"reddington-server","env":"development","req":{"id":"5f5275b7-f0f3-4e9c-9c40-87dadd68317b","method":"GET","url":"/api/auth/me","remoteAddress":"::1"},"res":{"statusCode":304},"responseTime":249,"msg":"GET /me 304"}
{"level":30,"time":"2026-09-23T10:20:24.342Z","service":"reddington-server","env":"development","req":{"id":"e34ed2fb-e197-4a4b-a25b-2d377f9b4bfc","method":"GET","url":"/api/auth/me","remoteAddress":"::1"},"res":{"statusCode":304},"responseTime":499,"msg":"GET /me 304"}
{"level":30,"time":"2026-09-23T10:20:24.599Z","service":"reddington-server","env":"development","req":{"id":"79cefa9e-a7bc-4a73-8ab1-365ed4aa9b43","method":"GET","url":"/api/auth/me","remoteAddress":"::1"},"res":{"statusCode":304},"responseTime":252,"msg":"GET /me 304"}
{"level":30,"time":"2026-09-23T10:21:24.303Z","service":"reddington-server","env":"development","req":{"id":"b303e66b-514e-4c18-92a2-5e5a521f3264","method":"GET","url":"/api/auth/me","remoteAddress":"::1"},"res":{"statusCode":304},"responseTime":511,"msg":"GET /me 304"}
{"level":30,"time":"2026-09-23T10:21:24.571Z","service":"reddington-server","env":"development","req":{"id":"8de54d47-417e-40b2-b82b-7373cc46a3a4","method":"GET","url":"/api/auth/me","remoteAddress":"::1"},"res":{"statusCode":304},"responseTime":263,"msg":"GET /me 304"}
{"level":30,"time":"2026-09-23T10:22:24.297Z","service":"reddington-server","env":"development","req":{"id":"0e8d406c-70bc-482e-8972-4ed73e5befdb","method":"GET","url":"/api/auth/me","remoteAddress":"::1"},"res":{"statusCode":304},"responseTime":498,"msg":"GET /me 304"}
{"level":30,"time":"2026-09-23T10:22:24.555Z","service":"reddington-server","env":"development","req":{"id":"3db24c5e-8dad-48e5-b7c6-0c16d23ca603","method":"GET","url":"/api/auth/me","remoteAddress":"::1"},"res":{"statusCode":304},"responseTime":251,"msg":"GET /me 304"}
{"level":30,"time":"2026-09-23T10:23:24.301Z","service":"reddington-server","env":"development","req":{"id":"b7f6f798-8e79-42e5-802b-80270fa4cf9a","method":"GET","url":"/api/auth/me","remoteAddress":"::1"},"res":{"statusCode":304},"responseTime":505,"msg":"GET /me 304"}
{"level":30,"time":"2026-09-23T10:23:24.558Z","service":"reddington-server","env":"development","req":{"id":"3441e6ad-ba35-42d6-9e74-015722136c5b","method":"GET","url":"/api/auth/me","remoteAddress":"::1"},"res":{"statusCode":304},"responseTime":251,"msg":"GET /me 304"}
{"level":30,"time":"2026-09-23T10:24:26.224Z","service":"reddington-server","env":"development","req":{"id":"25837546-7a0d-4eaf-95fa-20e21fd7f457","method":"GET","url":"/api/auth/me","remoteAddress":"::1"},"res":{"statusCode":304},"responseTime":2442,"msg":"GET /me 304"}
{"level":30,"time":"2026-09-23T10:24:26.471Z","service":"reddington-server","env":"development","req":{"id":"6551d096-dff9-4010-b3f0-d0b6e0ab9e55","method":"GET","url":"/api/auth/me","remoteAddress":"::1"},"res":{"statusCode":304},"responseTime":242,"msg":"GET /me 304"}
{"level":30,"time":"2026-09-23T10:25:02.698Z","service":"reddington-server","env":"development","req":{"id":"13b137ad-ecdb-43e7-b2dd-7db5077c011f","method":"GET","url":"/api/auth/me","remoteAddress":"::1"},"res":{"statusCode":304},"responseTime":508,"msg":"GET /me 304"}
{"level":30,"time":"2026-09-23T10:25:02.958Z","service":"reddington-server","env":"development","req":{"id":"869d201b-4673-40db-8264-ffadf5b0ea44","method":"GET","url":"/api/auth/me","remoteAddress":"::1"},"res":{"statusCode":304},"responseTime":255,"msg":"GET /me 304"}
{"level":30,"time":"2026-09-23T10:25:28.774Z","service":"reddington-server","env":"development","req":{"id":"dc12cde3-090a-4613-9fbe-afe048c6eb6d","method":"GET","url":"/api/auth/me","remoteAddress":"::1"},"res":{"statusCode":304},"responseTime":246,"msg":"GET /me 304"}
{"level":30,"time":"2026-09-23T10:25:29.029Z","service":"reddington-server","env":"development","req":{"id":"53e00a6c-e430-45be-8b80-8f28d4f5f4e9","method":"GET","url":"/api/auth/me","remoteAddress":"::1"},"res":{"statusCode":304},"responseTime":249,"msg":"GET /me 304"}
{"level":30,"time":"2026-09-23T10:26:24.329Z","service":"reddington-server","env":"development","req":{"id":"41538aec-5f52-4052-894d-d9c71d4b9059","method":"GET","url":"/api/auth/me","remoteAddress":"::1"},"res":{"statusCode":304},"responseTime":504,"msg":"GET /me 304"}
{"level":30,"time":"2026-09-23T10:26:24.578Z","service":"reddington-server","env":"development","req":{"id":"766e8c49-68fd-4651-a963-b4af8163c05d","method":"GET","url":"/api/auth/me","remoteAddress":"::1"},"res":{"statusCode":304},"responseTime":244,"msg":"GET /me 304"}
{"level":30,"time":"2026-09-23T10:26:42.853Z","service":"reddington-server","env":"development","req":{"id":"e01036c4-aade-4ac2-97d1-126de25f6536","method":"GET","url":"/api/auth/me","remoteAddress":"::1"},"res":{"statusCode":304},"responseTime":499,"msg":"GET /me 304"}
{"level":30,"time":"2026-09-23T10:26:43.147Z","service":"reddington-server","env":"development","req":{"id":"1640dc33-5553-4eb2-bf6a-514637e64196","method":"GET","url":"/api/auth/me","remoteAddress":"::1"},"res":{"statusCode":304},"responseTime":287,"msg":"GET /me 304"}
{"level":30,"time":"2026-09-23T10:27:24.412Z","service":"reddington-server","env":"development","req":{"id":"cac3b8b0-c39a-46ad-bc4d-46e4946f7bbc","method":"GET","url":"/api/auth/me","remoteAddress":"::1"},"res":{"statusCode":304},"responseTime":566,"msg":"GET /me 304"}
{"level":30,"time":"2026-09-23T10:27:24.662Z","service":"reddington-server","env":"development","req":{"id":"14559d6f-72d7-405c-8389-741d0131134d","method":"GET","url":"/api/auth/me","remoteAddress":"::1"},"res":{"statusCode":304},"responseTime":244,"msg":"GET /me 304"}
{"level":30,"time":"2026-09-23T10:28:24.322Z","service":"reddington-server","env":"development","req":{"id":"63d6de8a-f364-4642-a9eb-2eb07d8c63e8","method":"GET","url":"/api/auth/me","remoteAddress":"::1"},"res":{"statusCode":304},"responseTime":491,"msg":"GET /me 304"}
{"level":30,"time":"2026-09-23T10:28:24.582Z","service":"reddington-server","env":"development","req":{"id":"027634b5-92b5-41cd-8345-30dc78939f40","method":"GET","url":"/api/auth/me","remoteAddress":"::1"},"res":{"statusCode":304},"responseTime":254,"msg":"GET /me 304"}
{"level":30,"time":"2026-09-23T10:29:24.371Z","service":"reddington-server","env":"development","req":{"id":"6e3d059e-5888-4d5b-8aaf-31a48c9587a9","method":"GET","url":"/api/auth/me","remoteAddress":"::1"},"res":{"statusCode":304},"responseTime":555,"msg":"GET /me 304"}
{"level":30,"time":"2026-09-23T10:29:24.627Z","service":"reddington-server","env":"development","req":{"id":"53e96b0f-7d14-46d3-8ab3-dd7cf3e06399","method":"GET","url":"/api/auth/me","remoteAddress":"::1"},"res":{"statusCode":304},"responseTime":251,"msg":"GET /me 304"}
{"level":30,"time":"2026-09-23T10:30:08.254Z","service":"reddington-server","env":"development","req":{"id":"45f2821a-35f9-4ac0-ae86-54e2d36f69e4","method":"GET","url":"/api/auth/me","remoteAddress":"::1"},"res":{"statusCode":304},"responseTime":551,"msg":"GET /me 304"}
{"level":30,"time":"2026-09-23T10:30:08.538Z","service":"reddington-server","env":"development","req":{"id":"de88270b-15dc-480b-ad5c-6e2164c8179d","method":"GET","url":"/api/auth/me","remoteAddress":"::1"},"res":{"statusCode":304},"responseTime":279,"msg":"GET /me 304"}
{"level":30,"time":"2026-09-23T10:30:48.285Z","service":"reddington-server","env":"development","req":{"id":"c88be0e7-2a52-4945-9570-f19ece59f71a","method":"GET","url":"/api/auth/me","remoteAddress":"::1"},"res":{"statusCode":304},"responseTime":505,"msg":"GET /me 304"}
{"level":30,"time":"2026-09-23T10:30:48.570Z","service":"reddington-server","env":"development","req":{"id":"42b3591b-de52-4b09-88cf-b437c9ea402b","method":"GET","url":"/api/auth/me","remoteAddress":"::1"},"res":{"statusCode":304},"responseTime":280,"msg":"GET /me 304"}
{"level":30,"time":"2026-09-23T10:32:24.373Z","service":"reddington-server","env":"development","req":{"id":"1195575d-5664-47d2-843a-b41bc7916b75","method":"GET","url":"/api/auth/me","remoteAddress":"::1"},"res":{"statusCode":304},"responseTime":489,"msg":"GET /me 304"}
{"level":30,"time":"2026-09-23T10:32:24.659Z","service":"reddington-server","env":"development","req":{"id":"d36a2bc2-4ac6-495e-b301-9e9622540883","method":"GET","url":"/api/auth/me","remoteAddress":"::1"},"res":{"statusCode":304},"responseTime":280,"msg":"GET /me 304"}
{"level":30,"time":"2026-09-23T10:32:38.330Z","service":"reddington-server","env":"development","req":{"id":"1622db86-251d-4ddd-95b9-198a50fd60b3","method":"GET","url":"/api/auth/me","remoteAddress":"::1"},"res":{"statusCode":304},"responseTime":419,"msg":"GET /me 304"}
{"level":30,"time":"2026-09-23T10:32:38.964Z","service":"reddington-server","env":"development","req":{"id":"e017920b-a5cb-4a67-ac69-de905ca3dfd9","method":"GET","url":"/api/auth/me","remoteAddress":"::1"},"res":{"statusCode":304},"responseTime":629,"msg":"GET /me 304"}
{"level":30,"time":"2026-09-23T10:32:48.446Z","service":"reddington-server","env":"development","req":{"id":"508a583c-2430-4a6a-b364-ff11addec450","method":"GET","url":"/api/auth/me","remoteAddress":"::1"},"res":{"statusCode":304},"responseTime":522,"msg":"GET /me 304"}
{"level":30,"time":"2026-09-23T10:32:48.701Z","service":"reddington-server","env":"development","req":{"id":"d239a294-b8a2-461f-8f26-f4b1a3beefee","method":"GET","url":"/api/auth/me","remoteAddress":"::1"},"res":{"statusCode":304},"responseTime":249,"msg":"GET /me 304"}
{"level":30,"time":"2026-09-23T10:33:08.461Z","service":"reddington-server","env":"development","req":{"id":"1a417660-0337-4d99-bbda-7992750f5bfc","method":"GET","url":"/api/auth/me","remoteAddress":"::1"},"res":{"statusCode":304},"responseTime":491,"msg":"GET /me 304"}
{"level":30,"time":"2026-09-23T10:33:08.714Z","service":"reddington-server","env":"development","req":{"id":"051d71c4-83cc-443c-bbd5-35df26555ab3","method":"GET","url":"/api/auth/me","remoteAddress":"::1"},"res":{"statusCode":304},"responseTime":248,"msg":"GET /me 304"}
{"level":30,"time":"2026-09-23T10:33:24.322Z","service":"reddington-server","env":"development","req":{"id":"af7df47e-91a9-4fb2-802f-5d00930c9b81","method":"GET","url":"/api/auth/me","remoteAddress":"::1"},"res":{"statusCode":304},"responseTime":498,"msg":"GET /me 304"}
{"level":30,"time":"2026-09-23T10:33:24.577Z","service":"reddington-server","env":"development","req":{"id":"6e25d48f-864c-42f7-bedb-d5a7baa7e7e6","method":"GET","url":"/api/auth/me","remoteAddress":"::1"},"res":{"statusCode":304},"responseTime":249,"msg":"GET /me 304"}
{"level":30,"time":"2026-09-23T10:33:48.554Z","service":"reddington-server","env":"development","req":{"id":"90374577-afd6-465d-8df3-df7a7eea525f","method":"GET","url":"/api/auth/me","remoteAddress":"::1"},"res":{"statusCode":304},"responseTime":491,"msg":"GET /me 304"}
{"level":30,"time":"2026-09-23T10:33:48.804Z","service":"reddington-server","env":"development","req":{"id":"abb6e0d6-2124-48d7-98b4-acb4b642b19a","method":"GET","url":"/api/auth/me","remoteAddress":"::1"},"res":{"statusCode":304},"responseTime":245,"msg":"GET /me 304"}
{"level":30,"time":"2026-09-23T10:34:08.814Z","service":"reddington-server","env":"development","req":{"id":"3e540789-c321-4819-8e3d-d8dfcbcea4a7","method":"GET","url":"/api/auth/me","remoteAddress":"::1"},"res":{"statusCode":304},"responseTime":493,"msg":"GET /me 304"}
{"level":30,"time":"2026-09-23T10:34:09.067Z","service":"reddington-server","env":"development","req":{"id":"4c7c1b63-ee9a-4dc2-9f8f-8156e9b43097","method":"GET","url":"/api/auth/me","remoteAddress":"::1"},"res":{"statusCode":304},"responseTime":246,"msg":"GET /me 304"}
{"level":30,"time":"2026-09-23T10:35:26.146Z","service":"reddington-server","env":"development","req":{"id":"04d44d79-9264-4ed1-be5c-4496a463ba29","method":"GET","url":"/api/auth/me","remoteAddress":"::1"},"res":{"statusCode":304},"responseTime":2335,"msg":"GET /me 304"}
{"level":30,"time":"2026-09-23T10:35:26.417Z","service":"reddington-server","env":"development","req":{"id":"e37d5642-146c-42d9-ad34-497d39eafbb2","method":"GET","url":"/api/auth/me","remoteAddress":"::1"},"res":{"statusCode":304},"responseTime":265,"msg":"GET /me 304"}
{"level":30,"time":"2026-09-23T10:36:24.595Z","service":"reddington-server","env":"development","req":{"id":"23d44a0b-005d-4ab5-a63e-492fc40f1645","method":"GET","url":"/api/auth/me","remoteAddress":"::1"},"res":{"statusCode":304},"responseTime":797,"msg":"GET /me 304"}
{"level":30,"time":"2026-09-23T10:36:24.859Z","service":"reddington-server","env":"development","req":{"id":"ae4045d0-5a3f-4ec8-b87e-b95dcbcf44f1","method":"GET","url":"/api/auth/me","remoteAddress":"::1"},"res":{"statusCode":304},"responseTime":256,"msg":"GET /me 304"}
{"level":30,"time":"2026-09-23T10:37:24.332Z","service":"reddington-server","env":"development","req":{"id":"198d0be0-2cd2-4bcb-b46b-63f004dca68d","method":"GET","url":"/api/auth/me","remoteAddress":"::1"},"res":{"statusCode":304},"responseTime":543,"msg":"GET /me 304"}
{"level":30,"time":"2026-09-23T10:37:24.596Z","service":"reddington-server","env":"development","req":{"id":"7cfcb562-e736-402a-a3ed-c13a6d91efab","method":"GET","url":"/api/auth/me","remoteAddress":"::1"},"res":{"statusCode":304},"responseTime":257,"msg":"GET /me 304"}
{"level":30,"time":"2026-09-23T10:38:24.385Z","service":"reddington-server","env":"development","req":{"id":"41444397-5ff2-422e-adce-309158c135c8","method":"GET","url":"/api/auth/me","remoteAddress":"::1"},"res":{"statusCode":304},"responseTime":534,"msg":"GET /me 304"}
{"level":30,"time":"2026-09-23T10:38:24.649Z","service":"reddington-server","env":"development","req":{"id":"20e598a5-2d53-4108-9406-b22fe0498e0b","method":"GET","url":"/api/auth/me","remoteAddress":"::1"},"res":{"statusCode":304},"responseTime":258,"msg":"GET /me 304"}
{"level":30,"time":"2026-09-23T10:39:24.347Z","service":"reddington-server","env":"development","req":{"id":"94637377-7332-43d1-b237-2829999304a6","method":"GET","url":"/api/auth/me","remoteAddress":"::1"},"res":{"statusCode":304},"responseTime":551,"msg":"GET /me 304"}
{"level":30,"time":"2026-09-23T10:39:24.613Z","service":"reddington-server","env":"development","req":{"id":"c752693c-34f1-4e08-9356-ab1ba91203c4","method":"GET","url":"/api/auth/me","remoteAddress":"::1"},"res":{"statusCode":304},"responseTime":260,"msg":"GET /me 304"}
{"level":30,"time":"2026-09-23T10:40:08.923Z","service":"reddington-server","env":"development","req":{"id":"8bb1d1ef-ac9e-4034-8cea-a57d31d47dfa","method":"GET","url":"/api/auth/me","remoteAddress":"::1"},"res":{"statusCode":304},"responseTime":259,"msg":"GET /me 304"}
{"level":30,"time":"2026-09-23T10:40:09.200Z","service":"reddington-server","env":"development","req":{"id":"934f3c8d-f7e2-49fb-b301-5d352e3ebd59","method":"GET","url":"/api/auth/me","remoteAddress":"::1"},"res":{"statusCode":304},"responseTime":274,"msg":"GET /me 304"}
{"level":30,"time":"2026-09-23T11:04:24.617Z","service":"reddington-server","env":"development","req":{"id":"a1687ba3-e081-4c7f-8ca9-eebd0a68d76c","method":"GET","url":"/api/auth/me","remoteAddress":"::1"},"res":{"statusCode":304},"responseTime":756,"msg":"GET /me 304"}
{"level":30,"time":"2026-09-23T11:04:24.872Z","service":"reddington-server","env":"development","req":{"id":"6d13ae26-dc8a-4d4b-ba2e-35b5b2504d47","method":"GET","url":"/api/auth/me","remoteAddress":"::1"},"res":{"statusCode":304},"responseTime":252,"msg":"GET /me 304"}
{"level":30,"time":"2026-09-23T11:04:31.153Z","service":"reddington-server","env":"development","req":{"id":"d3b4401f-26f9-49e4-bc29-fce692e6a1f5","method":"GET","url":"/api/auth/me","remoteAddress":"::1"},"res":{"statusCode":304},"responseTime":288,"msg":"GET /me 304"}
{"level":30,"time":"2026-09-23T11:04:31.407Z","service":"reddington-server","env":"development","req":{"id":"aa579a99-f76f-42df-8527-9247c0457ae1","method":"GET","url":"/api/auth/me","remoteAddress":"::1"},"res":{"statusCode":304},"responseTime":251,"msg":"GET /me 304"}
{"level":30,"time":"2026-09-23T11:10:01.093Z","service":"reddington-server","env":"development","req":{"id":"63891c71-08e4-4ebd-8cd4-37f7a7752e20","method":"GET","url":"/api/auth/me","remoteAddress":"::1"},"res":{"statusCode":304},"responseTime":507,"msg":"GET /me 304"}
{"level":30,"time":"2026-09-23T11:10:01.354Z","service":"reddington-server","env":"development","req":{"id":"80e2ce4f-67f9-4103-a843-57920b8ef032","method":"GET","url":"/api/auth/me","remoteAddress":"::1"},"res":{"statusCode":304},"responseTime":258,"msg":"GET /me 304"}
{"level":30,"time":"2026-09-23T11:40:08.445Z","service":"reddington-server","env":"development","req":{"id":"04c99872-c69e-4ba9-b723-00dfe1e21f78","method":"GET","url":"/api/auth/me","remoteAddress":"::1"},"res":{"statusCode":304},"responseTime":524,"msg":"GET /me 304"}
{"level":30,"time":"2026-09-23T11:40:08.692Z","service":"reddington-server","env":"development","req":{"id":"dddeeea6-a83e-4615-8a90-62ea66812b0e","method":"GET","url":"/api/auth/me","remoteAddress":"::1"},"res":{"statusCode":304},"responseTime":244,"msg":"GET /me 304"}
{"level":30,"time":"2026-09-23T11:49:08.642Z","service":"reddington-server","env":"development","req":{"id":"1e1c40aa-2630-4630-bf65-1ffab2895f41","method":"GET","url":"/api/auth/me","remoteAddress":"::1"},"res":{"statusCode":304},"responseTime":539,"msg":"GET /me 304"}
{"level":30,"time":"2026-09-23T11:49:08.902Z","service":"reddington-server","env":"development","req":{"id":"5622776d-e319-4403-86bd-b7e82690b435","method":"GET","url":"/api/auth/me","remoteAddress":"::1"},"res":{"statusCode":304},"responseTime":257,"msg":"GET /me 304"}
{"level":30,"time":"2026-09-23T11:49:25.023Z","service":"reddington-server","env":"development","req":{"id":"c4701a75-6d19-43fb-8756-e9c6d94d72f0","method":"GET","url":"/api/auth/me","remoteAddress":"::1"},"res":{"statusCode":304},"responseTime":513,"msg":"GET /me 304"}
{"level":30,"time":"2026-09-23T11:49:25.278Z","service":"reddington-server","env":"development","req":{"id":"04db1bcd-a8cd-4814-bc80-2971cc33d872","method":"GET","url":"/api/auth/me","remoteAddress":"::1"},"res":{"statusCode":304},"responseTime":252,"msg":"GET /me 304"}
{"level":30,"time":"2026-09-23T11:51:18.475Z","service":"reddington-server","env":"development","port":"5000","msg":"reddington server listening on http://localhost:5000"}
{"level":30,"time":"2026-09-23T11:51:18.476Z","service":"reddington-server","env":"development","module":"dsar-worker","intervalMs":30000,"msg":"started"}
{"level":30,"time":"2026-09-23T11:51:22.600Z","service":"reddington-server","env":"development","port":"5000","msg":"reddington server listening on http://localhost:5000"}
{"level":30,"time":"2026-09-23T11:51:22.601Z","service":"reddington-server","env":"development","module":"dsar-worker","intervalMs":30000,"msg":"started"}
{"level":40,"time":"2026-09-23T11:51:34.574Z","service":"reddington-server","env":"development","req":{"id":"fa9feeb3-56de-4cf7-9ac7-72d446ba7ec1","method":"GET","url":"/api/auth/me","remoteAddress":"::1"},"res":{"statusCode":401},"responseTime":5,"msg":"GET /me 401"}
{"level":40,"time":"2026-09-23T11:51:34.579Z","service":"reddington-server","env":"development","req":{"id":"234bedaf-2f7a-4ac9-80a4-7d3dee40f414","method":"GET","url":"/api/auth/me","remoteAddress":"::1"},"res":{"statusCode":401},"responseTime":1,"msg":"GET /me 401"}
{"level":30,"time":"2026-09-23T12:14:24.498Z","service":"reddington-server","env":"development","req":{"id":"dc4bbe4e-7cd3-40a8-907d-4b3e5d769d5e","method":"GET","url":"/api/auth/me","remoteAddress":"::1"},"res":{"statusCode":304},"responseTime":568,"msg":"GET /me 304"}
{"level":30,"time":"2026-09-23T12:14:24.799Z","service":"reddington-server","env":"development","req":{"id":"0e9c97c7-096e-48be-ad36-69a0c23c80b1","method":"GET","url":"/api/auth/me","remoteAddress":"::1"},"res":{"statusCode":304},"responseTime":284,"msg":"GET /me 304"}
{"level":40,"time":"2026-09-23T12:27:19.717Z","service":"reddington-server","env":"development","req":{"id":"694cce59-f0ff-4718-a823-2a2f5a571fcd","method":"GET","url":"/api/auth/me","remoteAddress":"::1"},"res":{"statusCode":401},"responseTime":1,"msg":"GET /me 401"}
{"level":40,"time":"2026-09-23T12:27:19.722Z","service":"reddington-server","env":"development","req":{"id":"6598d710-1047-4fab-84ac-0850f5b19a15","method":"GET","url":"/api/auth/me","remoteAddress":"::1"},"res":{"statusCode":401},"responseTime":1,"msg":"GET /me 401"}
{"level":30,"time":"2026-09-23T12:27:23.618Z","service":"reddington-server","env":"development","req":{"id":"c28e8e72-41f5-4bab-82b7-e66dd7964ddf","method":"GET","url":"/api/auth/me","remoteAddress":"::1"},"res":{"statusCode":304},"responseTime":765,"msg":"GET /me 304"}
{"level":30,"time":"2026-09-23T12:27:23.877Z","service":"reddington-server","env":"development","req":{"id":"30072217-8b46-417b-8b9a-6a3f174c78f4","method":"GET","url":"/api/auth/me","remoteAddress":"::1"},"res":{"statusCode":304},"responseTime":255,"msg":"GET /me 304"}
{"level":30,"time":"2026-09-23T12:54:59.653Z","service":"reddington-server","env":"development","req":{"id":"24bdc927-4455-4438-a76d-0c620f3c9e8b","method":"GET","url":"/api/auth/me","remoteAddress":"::1"},"res":{"statusCode":304},"responseTime":835,"msg":"GET /me 304"}
{"level":30,"time":"2026-09-23T12:54:59.911Z","service":"reddington-server","env":"development","req":{"id":"7c967991-fdbc-4ab6-8b41-fcd8ef8b185e","method":"GET","url":"/api/auth/me","remoteAddress":"::1"},"res":{"statusCode":304},"responseTime":253,"msg":"GET /me 304"}
{"level":30,"time":"2026-09-23T12:55:26.315Z","service":"reddington-server","env":"development","req":{"id":"896f24b9-ed46-442e-8ae9-440016ae893f","method":"GET","url":"/api/auth/me","remoteAddress":"::1"},"res":{"statusCode":304},"responseTime":246,"msg":"GET /me 304"}
{"level":30,"time":"2026-09-23T12:55:26.567Z","service":"reddington-server","env":"development","req":{"id":"3260d65e-d282-4dfd-839d-c2492bf98bca","method":"GET","url":"/api/auth/me","remoteAddress":"::1"},"res":{"statusCode":304},"responseTime":248,"msg":"GET /me 304"}
{"level":30,"time":"2026-09-23T12:55:39.009Z","service":"reddington-server","env":"development","req":{"id":"41c6c051-d720-4af2-a2e7-f2d6e26d9ef7","method":"GET","url":"/api/auth/me","remoteAddress":"::1"},"res":{"statusCode":304},"responseTime":246,"msg":"GET /me 304"}
{"level":30,"time":"2026-09-23T12:55:39.563Z","service":"reddington-server","env":"development","req":{"id":"e01f9f81-f33a-42cd-8e9f-f203ee2c0ad2","method":"GET","url":"/api/auth/me","remoteAddress":"::1"},"res":{"statusCode":304},"responseTime":547,"msg":"GET /me 304"}
{"level":30,"time":"2026-09-23T12:57:26.372Z","service":"reddington-server","env":"development","req":{"id":"b19c2b5f-4549-4cdf-9d3b-a4a5d0d9b117","method":"GET","url":"/api/auth/me","remoteAddress":"::1"},"res":{"statusCode":304},"responseTime":251,"msg":"GET /me 304"}
{"level":30,"time":"2026-09-23T12:57:26.623Z","service":"reddington-server","env":"development","req":{"id":"8c5d428d-5440-453f-948d-cc7df9dd34dd","method":"GET","url":"/api/auth/me","remoteAddress":"::1"},"res":{"statusCode":304},"responseTime":245,"msg":"GET /me 304"}
{"level":30,"time":"2026-09-23T12:58:26.308Z","service":"reddington-server","env":"development","req":{"id":"9a927a6a-fcda-4bf9-b0bc-ffb23c116cb8","method":"GET","url":"/api/auth/me","remoteAddress":"::1"},"res":{"statusCode":304},"responseTime":247,"msg":"GET /me 304"}
{"level":30,"time":"2026-09-23T12:58:26.570Z","service":"reddington-server","env":"development","req":{"id":"632c729a-c73e-481a-9818-db4ca393e773","method":"GET","url":"/api/auth/me","remoteAddress":"::1"},"res":{"statusCode":304},"responseTime":258,"msg":"GET /me 304"}
{"level":30,"time":"2026-09-23T12:59:26.325Z","service":"reddington-server","env":"development","req":{"id":"d55a91ee-894a-4624-9532-7a06f4f04cfb","method":"GET","url":"/api/auth/me","remoteAddress":"::1"},"res":{"statusCode":304},"responseTime":267,"msg":"GET /me 304"}
{"level":30,"time":"2026-09-23T12:59:26.577Z","service":"reddington-server","env":"development","req":{"id":"59f7392c-1961-4249-94a8-587f69aea18d","method":"GET","url":"/api/auth/me","remoteAddress":"::1"},"res":{"statusCode":304},"responseTime":247,"msg":"GET /me 304"}
{"level":30,"time":"2026-09-23T13:00:26.560Z","service":"reddington-server","env":"development","req":{"id":"00c67463-acb0-4f7e-a490-df80d2175ad2","method":"GET","url":"/api/auth/me","remoteAddress":"::1"},"res":{"statusCode":304},"responseTime":507,"msg":"GET /me 304"}
{"level":30,"time":"2026-09-23T13:00:26.820Z","service":"reddington-server","env":"development","req":{"id":"91e2a6de-145a-4cf2-a393-923c31b6a794","method":"GET","url":"/api/auth/me","remoteAddress":"::1"},"res":{"statusCode":304},"responseTime":256,"msg":"GET /me 304"}
{"level":30,"time":"2026-09-23T13:01:26.313Z","service":"reddington-server","env":"development","req":{"id":"33868dbb-4b45-410b-8aff-c419134c7275","method":"GET","url":"/api/auth/me","remoteAddress":"::1"},"res":{"statusCode":304},"responseTime":261,"msg":"GET /me 304"}
{"level":30,"time":"2026-09-23T13:01:26.571Z","service":"reddington-server","env":"development","req":{"id":"acab5917-f7a1-46eb-97df-e2afc0aedb17","method":"GET","url":"/api/auth/me","remoteAddress":"::1"},"res":{"statusCode":304},"responseTime":254,"msg":"GET /me 304"}
{"level":30,"time":"2026-09-23T13:02:26.315Z","service":"reddington-server","env":"development","req":{"id":"eece4e4f-330f-4346-aedf-74089ca86674","method":"GET","url":"/api/auth/me","remoteAddress":"::1"},"res":{"statusCode":304},"responseTime":256,"msg":"GET /me 304"}
{"level":30,"time":"2026-09-23T13:02:26.577Z","service":"reddington-server","env":"development","req":{"id":"53088ccf-357b-4693-bf99-ea2aabf24295","method":"GET","url":"/api/auth/me","remoteAddress":"::1"},"res":{"statusCode":304},"responseTime":252,"msg":"GET /me 304"}
{"level":30,"time":"2026-09-23T13:03:26.316Z","service":"reddington-server","env":"development","req":{"id":"13e0bede-1a6f-448f-b536-d682d1e84efa","method":"GET","url":"/api/auth/me","remoteAddress":"::1"},"res":{"statusCode":304},"responseTime":255,"msg":"GET /me 304"}
{"level":30,"time":"2026-09-23T13:03:26.572Z","service":"reddington-server","env":"development","req":{"id":"f99cf06f-2842-49d2-bd81-d3e6fb1cb866","method":"GET","url":"/api/auth/me","remoteAddress":"::1"},"res":{"statusCode":304},"responseTime":253,"msg":"GET /me 304"}
{"level":30,"time":"2026-09-23T13:04:26.331Z","service":"reddington-server","env":"development","req":{"id":"918b58e6-fe5d-474c-b82b-99fed1d0a925","method":"GET","url":"/api/auth/me","remoteAddress":"::1"},"res":{"statusCode":304},"responseTime":270,"msg":"GET /me 304"}
{"level":30,"time":"2026-09-23T13:04:26.588Z","service":"reddington-server","env":"development","req":{"id":"66e1f283-f959-4f72-b46c-4aaf7c93af69","method":"GET","url":"/api/auth/me","remoteAddress":"::1"},"res":{"statusCode":304},"responseTime":254,"msg":"GET /me 304"}
{"level":30,"time":"2026-09-23T13:05:28.629Z","service":"reddington-server","env":"development","req":{"id":"98043e5b-8e35-45cb-aa88-ee18d67df8c5","method":"GET","url":"/api/auth/me","remoteAddress":"::1"},"res":{"statusCode":304},"responseTime":2562,"msg":"GET /me 304"}
{"level":30,"time":"2026-09-23T13:05:28.895Z","service":"reddington-server","env":"development","req":{"id":"283385ef-81ad-460e-82c7-be7e102a4ff7","method":"GET","url":"/api/auth/me","remoteAddress":"::1"},"res":{"statusCode":304},"responseTime":259,"msg":"GET /me 304"}
{"level":30,"time":"2026-09-23T13:06:26.351Z","service":"reddington-server","env":"development","req":{"id":"0a6c0b19-904c-4f8a-bb58-146ddf964776","method":"GET","url":"/api/auth/me","remoteAddress":"::1"},"res":{"statusCode":304},"responseTime":277,"msg":"GET /me 304"}
{"level":30,"time":"2026-09-23T13:06:26.609Z","service":"reddington-server","env":"development","req":{"id":"070a7284-f921-46ce-8f6a-eb0ea64a5783","method":"GET","url":"/api/auth/me","remoteAddress":"::1"},"res":{"statusCode":304},"responseTime":255,"msg":"GET /me 304"}
{"level":30,"time":"2026-09-23T13:07:26.323Z","service":"reddington-server","env":"development","req":{"id":"5090fee5-7997-489e-a874-fe749de80474","method":"GET","url":"/api/auth/me","remoteAddress":"::1"},"res":{"statusCode":304},"responseTime":257,"msg":"GET /me 304"}
{"level":30,"time":"2026-09-23T13:07:26.584Z","service":"reddington-server","env":"development","req":{"id":"483250ab-209c-4d88-bd46-3d543aa14262","method":"GET","url":"/api/auth/me","remoteAddress":"::1"},"res":{"statusCode":304},"responseTime":258,"msg":"GET /me 304"}
{"level":30,"time":"2026-09-23T13:08:26.320Z","service":"reddington-server","env":"development","req":{"id":"10e3aa32-be83-4041-ae60-a953c21dbb2d","method":"GET","url":"/api/auth/me","remoteAddress":"::1"},"res":{"statusCode":304},"responseTime":256,"msg":"GET /me 304"}
{"level":30,"time":"2026-09-23T13:08:26.582Z","service":"reddington-server","env":"development","req":{"id":"39e5a8ee-f8f9-42e4-856c-b27da89a7096","method":"GET","url":"/api/auth/me","remoteAddress":"::1"},"res":{"statusCode":304},"responseTime":257,"msg":"GET /me 304"}
{"level":30,"time":"2026-09-23T13:09:26.325Z","service":"reddington-server","env":"development","req":{"id":"3d8c71b3-acac-4c8c-8dc1-b0758ea324d9","method":"GET","url":"/api/auth/me","remoteAddress":"::1"},"res":{"statusCode":304},"responseTime":260,"msg":"GET /me 304"}
{"level":30,"time":"2026-09-23T13:09:26.588Z","service":"reddington-server","env":"development","req":{"id":"5664661c-31a9-40c9-a5f9-289ace79930f","method":"GET","url":"/api/auth/me","remoteAddress":"::1"},"res":{"statusCode":304},"responseTime":258,"msg":"GET /me 304"}
{"level":30,"time":"2026-09-23T13:10:26.341Z","service":"reddington-server","env":"development","req":{"id":"7df9b127-288b-430f-a10e-1d5961baf0d7","method":"GET","url":"/api/auth/me","remoteAddress":"::1"},"res":{"statusCode":304},"responseTime":278,"msg":"GET /me 304"}
{"level":30,"time":"2026-09-23T13:10:26.602Z","service":"reddington-server","env":"development","req":{"id":"23638213-5b8a-4c59-8477-88e14e88acbe","method":"GET","url":"/api/auth/me","remoteAddress":"::1"},"res":{"statusCode":304},"responseTime":257,"msg":"GET /me 304"}
{"level":30,"time":"2026-09-23T13:11:26.567Z","service":"reddington-server","env":"development","req":{"id":"f532c085-0cb0-4bd6-996f-800df4df234b","method":"GET","url":"/api/auth/me","remoteAddress":"::1"},"res":{"statusCode":304},"responseTime":510,"msg":"GET /me 304"}
{"level":30,"time":"2026-09-23T13:11:26.830Z","service":"reddington-server","env":"development","req":{"id":"4fc59c07-b01d-4e08-ac31-482b87d4aacd","method":"GET","url":"/api/auth/me","remoteAddress":"::1"},"res":{"statusCode":304},"responseTime":256,"msg":"GET /me 304"}
{"level":30,"time":"2026-09-23T13:12:26.317Z","service":"reddington-server","env":"development","req":{"id":"f419976a-2b83-424b-83c2-789acfa42609","method":"GET","url":"/api/auth/me","remoteAddress":"::1"},"res":{"statusCode":304},"responseTime":258,"msg":"GET /me 304"}
{"level":30,"time":"2026-09-23T13:12:26.576Z","service":"reddington-server","env":"development","req":{"id":"f3444613-f061-4a98-8bdf-b9330dbe8fdd","method":"GET","url":"/api/auth/me","remoteAddress":"::1"},"res":{"statusCode":304},"responseTime":255,"msg":"GET /me 304"}
{"level":30,"time":"2026-09-23T13:13:26.313Z","service":"reddington-server","env":"development","req":{"id":"dbef567b-f002-4dd3-99ff-a847de4569e4","method":"GET","url":"/api/auth/me","remoteAddress":"::1"},"res":{"statusCode":304},"responseTime":255,"msg":"GET /me 304"}
{"level":30,"time":"2026-09-23T13:13:26.572Z","service":"reddington-server","env":"development","req":{"id":"cda07136-e7af-4963-84fc-59b75f334328","method":"GET","url":"/api/auth/me","remoteAddress":"::1"},"res":{"statusCode":304},"responseTime":256,"msg":"GET /me 304"}
{"level":30,"time":"2026-09-23T13:14:26.329Z","service":"reddington-server","env":"development","req":{"id":"943a9d2f-0a10-4ca8-b859-7c097c7cbc69","method":"GET","url":"/api/auth/me","remoteAddress":"::1"},"res":{"statusCode":304},"responseTime":273,"msg":"GET /me 304"}
{"level":30,"time":"2026-09-23T13:14:26.591Z","service":"reddington-server","env":"development","req":{"id":"d13daa8b-b6a9-488e-98be-8b62993aad73","method":"GET","url":"/api/auth/me","remoteAddress":"::1"},"res":{"statusCode":304},"responseTime":255,"msg":"GET /me 304"}
{"level":30,"time":"2026-09-23T13:15:26.334Z","service":"reddington-server","env":"development","req":{"id":"a38cd422-db92-4a65-8377-d7c86bca21b9","method":"GET","url":"/api/auth/me","remoteAddress":"::1"},"res":{"statusCode":304},"responseTime":266,"msg":"GET /me 304"}
{"level":30,"time":"2026-09-23T13:15:26.603Z","service":"reddington-server","env":"development","req":{"id":"527ae263-f620-4559-b241-a4b88479c27a","method":"GET","url":"/api/auth/me","remoteAddress":"::1"},"res":{"statusCode":304},"responseTime":266,"msg":"GET /me 304"}
{"level":30,"time":"2026-09-23T13:15:46.303Z","service":"reddington-server","env":"development","req":{"id":"33ad435d-e4c1-4f88-b1ed-f3c564c78c3e","method":"GET","url":"/api/auth/me","remoteAddress":"::1"},"res":{"statusCode":304},"responseTime":547,"msg":"GET /me 304"}
{"level":30,"time":"2026-09-23T13:15:46.574Z","service":"reddington-server","env":"development","req":{"id":"dd5ea276-ad20-4283-82f8-5ac1aee88602","method":"GET","url":"/api/auth/me","remoteAddress":"::1"},"res":{"statusCode":304},"responseTime":267,"msg":"GET /me 304"}
{"level":30,"time":"2026-09-23T13:16:28.243Z","service":"reddington-server","env":"development","req":{"id":"21ddd904-9a7d-43d1-92f0-8925664e43b6","method":"GET","url":"/api/auth/me","remoteAddress":"::1"},"res":{"statusCode":304},"responseTime":2183,"msg":"GET /me 304"}
{"level":30,"time":"2026-09-23T13:16:28.492Z","service":"reddington-server","env":"development","req":{"id":"3e8a84e5-1df2-4d30-a075-dd278b87e01f","method":"GET","url":"/api/auth/me","remoteAddress":"::1"},"res":{"statusCode":304},"responseTime":245,"msg":"GET /me 304"}
{"level":30,"time":"2026-09-23T13:17:26.294Z","service":"reddington-server","env":"development","req":{"id":"3c2113af-8a4a-4ce2-9e78-5bd626f5a18e","method":"GET","url":"/api/auth/me","remoteAddress":"::1"},"res":{"statusCode":304},"responseTime":239,"msg":"GET /me 304"}
{"level":30,"time":"2026-09-23T13:17:26.537Z","service":"reddington-server","env":"development","req":{"id":"14208128-3e72-4646-978c-0fd9198e8cbf","method":"GET","url":"/api/auth/me","remoteAddress":"::1"},"res":{"statusCode":304},"responseTime":240,"msg":"GET /me 304"}
{"level":30,"time":"2026-09-23T13:18:26.170Z","service":"reddington-server","env":"development","req":{"id":"2efc4a22-db09-4dcb-aebf-a6f3fb264d85","method":"GET","url":"/api/auth/me","remoteAddress":"::1"},"res":{"statusCode":304},"responseTime":242,"msg":"GET /me 304"}
{"level":30,"time":"2026-09-23T13:18:26.413Z","service":"reddington-server","env":"development","req":{"id":"3c93d16c-8b77-4f54-aef1-286e5f542eef","method":"GET","url":"/api/auth/me","remoteAddress":"::1"},"res":{"statusCode":304},"responseTime":239,"msg":"GET /me 304"}
{"level":30,"time":"2026-09-23T13:18:46.434Z","service":"reddington-server","env":"development","req":{"id":"7e2f4b59-0587-4a0c-94ff-819fa0471e16","method":"GET","url":"/api/auth/me","remoteAddress":"::1"},"res":{"statusCode":304},"responseTime":482,"msg":"GET /me 304"}
{"level":30,"time":"2026-09-23T13:18:46.683Z","service":"reddington-server","env":"development","req":{"id":"c8b35751-0ce5-42ee-ba56-ecd4a87be6d0","method":"GET","url":"/api/auth/me","remoteAddress":"::1"},"res":{"statusCode":304},"responseTime":246,"msg":"GET /me 304"}
{"level":30,"time":"2026-09-23T13:19:26.304Z","service":"reddington-server","env":"development","req":{"id":"b57e2da4-1c9b-45a1-ab66-ca6409324b9b","method":"GET","url":"/api/auth/me","remoteAddress":"::1"},"res":{"statusCode":304},"responseTime":245,"msg":"GET /me 304"}
{"level":30,"time":"2026-09-23T13:19:26.550Z","service":"reddington-server","env":"development","req":{"id":"7ac52548-bfe8-441f-a0eb-35f5fecf3f86","method":"GET","url":"/api/auth/me","remoteAddress":"::1"},"res":{"statusCode":304},"responseTime":243,"msg":"GET /me 304"}
{"level":30,"time":"2026-09-23T13:20:26.301Z","service":"reddington-server","env":"development","req":{"id":"f52fc719-1bec-42f9-a6b9-c4136f7c29b0","method":"GET","url":"/api/auth/me","remoteAddress":"::1"},"res":{"statusCode":304},"responseTime":239,"msg":"GET /me 304"}
{"level":30,"time":"2026-09-23T13:20:26.550Z","service":"reddington-server","env":"development","req":{"id":"0eacb062-95d1-46b6-90a9-b01b6cf59b81","method":"GET","url":"/api/auth/me","remoteAddress":"::1"},"res":{"statusCode":304},"responseTime":246,"msg":"GET /me 304"}
{"level":30,"time":"2026-09-23T13:21:26.287Z","service":"reddington-server","env":"development","req":{"id":"9b30426f-07d6-4e8e-ac9d-a0cbba414a12","method":"GET","url":"/api/auth/me","remoteAddress":"::1"},"res":{"statusCode":304},"responseTime":241,"msg":"GET /me 304"}
{"level":30,"time":"2026-09-23T13:21:26.535Z","service":"reddington-server","env":"development","req":{"id":"1f54b693-ed99-4ad2-a1ff-ca352db84f76","method":"GET","url":"/api/auth/me","remoteAddress":"::1"},"res":{"statusCode":304},"responseTime":245,"msg":"GET /me 304"}
{"level":30,"time":"2026-09-23T13:22:26.576Z","service":"reddington-server","env":"development","req":{"id":"1e34ded9-478a-4096-9ed4-0c8e860d9840","method":"GET","url":"/api/auth/me","remoteAddress":"::1"},"res":{"statusCode":304},"responseTime":510,"msg":"GET /me 304"}
{"level":30,"time":"2026-09-23T13:22:26.825Z","service":"reddington-server","env":"development","req":{"id":"6dbfe99a-a73f-45c2-b2c4-22717a2cf9fc","method":"GET","url":"/api/auth/me","remoteAddress":"::1"},"res":{"statusCode":304},"responseTime":245,"msg":"GET /me 304"}
{"level":30,"time":"2026-09-23T13:23:26.299Z","service":"reddington-server","env":"development","req":{"id":"1a9e0e1f-4276-483f-9d71-be05f60e2d7f","method":"GET","url":"/api/auth/me","remoteAddress":"::1"},"res":{"statusCode":304},"responseTime":247,"msg":"GET /me 304"}
{"level":30,"time":"2026-09-23T13:23:26.559Z","service":"reddington-server","env":"development","req":{"id":"f517b417-68eb-40d7-b62f-6977377571b7","method":"GET","url":"/api/auth/me","remoteAddress":"::1"},"res":{"statusCode":304},"responseTime":256,"msg":"GET /me 304"}
{"level":30,"time":"2026-09-23T13:24:26.310Z","service":"reddington-server","env":"development","req":{"id":"2fa39299-a462-4106-90b6-3942902c6f87","method":"GET","url":"/api/auth/me","remoteAddress":"::1"},"res":{"statusCode":304},"responseTime":249,"msg":"GET /me 304"}
{"level":30,"time":"2026-09-23T13:24:26.570Z","service":"reddington-server","env":"development","req":{"id":"d224b4b9-8e09-44f1-b183-fb5a39aa0dae","method":"GET","url":"/api/auth/me","remoteAddress":"::1"},"res":{"statusCode":304},"responseTime":256,"msg":"GET /me 304"}
{"level":30,"time":"2026-09-23T13:25:26.299Z","service":"reddington-server","env":"development","req":{"id":"216dcde6-edee-4e12-8645-87467323d8a4","method":"GET","url":"/api/auth/me","remoteAddress":"::1"},"res":{"statusCode":304},"responseTime":246,"msg":"GET /me 304"}
{"level":30,"time":"2026-09-23T13:25:26.547Z","service":"reddington-server","env":"development","req":{"id":"f3469f20-7d7c-4c9c-a907-483ded5aa98c","method":"GET","url":"/api/auth/me","remoteAddress":"::1"},"res":{"statusCode":304},"responseTime":245,"msg":"GET /me 304"}
{"level":30,"time":"2026-09-23T13:26:26.308Z","service":"reddington-server","env":"development","req":{"id":"c070d56f-731d-4dff-8ecd-7c43db34199b","method":"GET","url":"/api/auth/me","remoteAddress":"::1"},"res":{"statusCode":304},"responseTime":252,"msg":"GET /me 304"}
{"level":30,"time":"2026-09-23T13:26:26.556Z","service":"reddington-server","env":"development","req":{"id":"bc700b46-8d08-4927-9683-57c9b0f0957f","method":"GET","url":"/api/auth/me","remoteAddress":"::1"},"res":{"statusCode":304},"responseTime":245,"msg":"GET /me 304"}
{"level":30,"time":"2026-09-23T13:27:28.422Z","service":"reddington-server","env":"development","req":{"id":"8958b09c-65e8-4c1d-8a2b-f2c7fa2bf684","method":"GET","url":"/api/auth/me","remoteAddress":"::1"},"res":{"statusCode":304},"responseTime":2363,"msg":"GET /me 304"}
{"level":30,"time":"2026-09-23T13:27:28.685Z","service":"reddington-server","env":"development","req":{"id":"9719c82a-fd2f-4c3d-b8cd-97e6d35b6737","method":"GET","url":"/api/auth/me","remoteAddress":"::1"},"res":{"statusCode":304},"responseTime":260,"msg":"GET /me 304"}
{"level":30,"time":"2026-09-23T13:28:26.324Z","service":"reddington-server","env":"development","req":{"id":"f1e8bcae-f62c-4ffa-9b1a-96ce45e09e80","method":"GET","url":"/api/auth/me","remoteAddress":"::1"},"res":{"statusCode":304},"responseTime":265,"msg":"GET /me 304"}
{"level":30,"time":"2026-09-23T13:28:26.584Z","service":"reddington-server","env":"development","req":{"id":"a7d85a35-6bb8-4d20-9a6e-a47a6233e24c","method":"GET","url":"/api/auth/me","remoteAddress":"::1"},"res":{"statusCode":304},"responseTime":257,"msg":"GET /me 304"}
{"level":30,"time":"2026-09-23T13:29:26.314Z","service":"reddington-server","env":"development","req":{"id":"427a0375-9ded-46c5-a276-8df7d65868a4","method":"GET","url":"/api/auth/me","remoteAddress":"::1"},"res":{"statusCode":304},"responseTime":261,"msg":"GET /me 304"}
{"level":30,"time":"2026-09-23T13:29:26.576Z","service":"reddington-server","env":"development","req":{"id":"3ffdcdd3-f446-41bc-97e2-b0b3f16ba5a4","method":"GET","url":"/api/auth/me","remoteAddress":"::1"},"res":{"statusCode":304},"responseTime":258,"msg":"GET /me 304"}
{"level":30,"time":"2026-09-23T13:30:22.653Z","service":"reddington-server","env":"development","req":{"id":"0b2ec743-2f45-4f1c-8c78-fcb4fd64906b","method":"GET","url":"/api/auth/me","remoteAddress":"::1"},"res":{"statusCode":304},"responseTime":519,"msg":"GET /me 304"}
{"level":30,"time":"2026-09-23T13:30:22.916Z","service":"reddington-server","env":"development","req":{"id":"13489878-ef81-4a70-b692-c4e64854e66a","method":"GET","url":"/api/auth/me","remoteAddress":"::1"},"res":{"statusCode":304},"responseTime":260,"msg":"GET /me 304"}
{"level":40,"time":"2026-09-23T13:40:49.646Z","service":"reddington-server","env":"development","req":{"id":"0726535c-f938-462b-a427-127e41e33c00","method":"GET","url":"/api/auth/me","remoteAddress":"::1"},"res":{"statusCode":401},"responseTime":2,"msg":"GET /me 401"}
{"level":40,"time":"2026-09-23T13:40:49.652Z","service":"reddington-server","env":"development","req":{"id":"c20370ec-9d2b-48f9-985b-db9125e9c883","method":"GET","url":"/api/auth/me","remoteAddress":"::1"},"res":{"statusCode":401},"responseTime":1,"msg":"GET /me 401"}
{"level":30,"time":"2026-09-23T13:42:08.818Z","service":"reddington-server","env":"development","req":{"id":"a2fa311b-5584-4553-bead-f12d50822b8c","method":"GET","url":"/api/auth/me","remoteAddress":"::1"},"res":{"statusCode":304},"responseTime":539,"msg":"GET /me 304"}
{"level":30,"time":"2026-09-23T13:42:09.079Z","service":"reddington-server","env":"development","req":{"id":"679f3a7a-1220-439e-b61a-94d3fc88163e","method":"GET","url":"/api/auth/me","remoteAddress":"::1"},"res":{"statusCode":304},"responseTime":258,"msg":"GET /me 304"}
{"level":30,"time":"2026-09-23T13:44:26.740Z","service":"reddington-server","env":"development","req":{"id":"41c7ed0e-464d-4d2b-997f-f182288063c6","method":"GET","url":"/api/auth/me","remoteAddress":"::1"},"res":{"statusCode":304},"responseTime":643,"msg":"GET /me 304"}
{"level":30,"time":"2026-09-23T13:44:27.002Z","service":"reddington-server","env":"development","req":{"id":"0762add2-018f-484e-9905-eb59380352d8","method":"GET","url":"/api/auth/me","remoteAddress":"::1"},"res":{"statusCode":304},"responseTime":253,"msg":"GET /me 304"}
{"level":30,"time":"2026-09-23T13:46:08.744Z","service":"reddington-server","env":"development","req":{"id":"2ed73e13-d54b-46d9-8d03-6fa9670f9000","method":"GET","url":"/api/auth/me","remoteAddress":"::1"},"res":{"statusCode":304},"responseTime":263,"msg":"GET /me 304"}
{"level":30,"time":"2026-09-23T13:46:08.997Z","service":"reddington-server","env":"development","req":{"id":"f0dae42e-6c42-4150-acce-d0030a6fe19b","method":"GET","url":"/api/auth/me","remoteAddress":"::1"},"res":{"statusCode":304},"responseTime":251,"msg":"GET /me 304"}
{"level":30,"time":"2026-09-23T13:46:26.348Z","service":"reddington-server","env":"development","req":{"id":"d4e6579a-35ca-4e6b-a3dc-a94f92c5b062","method":"GET","url":"/api/auth/me","remoteAddress":"::1"},"res":{"statusCode":304},"responseTime":273,"msg":"GET /me 304"}
{"level":30,"time":"2026-09-23T13:46:26.604Z","service":"reddington-server","env":"development","req":{"id":"500ccbf9-7351-449e-ace9-5b4b6a3f54ad","method":"GET","url":"/api/auth/me","remoteAddress":"::1"},"res":{"statusCode":304},"responseTime":251,"msg":"GET /me 304"}
{"level":30,"time":"2026-09-23T13:47:26.324Z","service":"reddington-server","env":"development","req":{"id":"15bf3f1f-c9a6-41d7-9f08-abafe6ce93ec","method":"GET","url":"/api/auth/me","remoteAddress":"::1"},"res":{"statusCode":304},"responseTime":253,"msg":"GET /me 304"}
{"level":30,"time":"2026-09-23T13:47:26.601Z","service":"reddington-server","env":"development","req":{"id":"778e87fc-e70e-498f-8020-5562e2f876a7","method":"GET","url":"/api/auth/me","remoteAddress":"::1"},"res":{"statusCode":304},"responseTime":274,"msg":"GET /me 304"}
{"level":30,"time":"2026-09-23T13:48:26.309Z","service":"reddington-server","env":"development","req":{"id":"a8aaef2d-64b9-4325-9ab0-cb6673f5233d","method":"GET","url":"/api/auth/me","remoteAddress":"::1"},"res":{"statusCode":304},"responseTime":250,"msg":"GET /me 304"}
{"level":30,"time":"2026-09-23T13:48:26.571Z","service":"reddington-server","env":"development","req":{"id":"54ea92cc-fc77-41dc-b0cc-b5aedb2e5b9e","method":"GET","url":"/api/auth/me","remoteAddress":"::1"},"res":{"statusCode":304},"responseTime":253,"msg":"GET /me 304"}
{"level":30,"time":"2026-09-23T13:49:28.373Z","service":"reddington-server","env":"development","req":{"id":"b2866e93-ee5c-4b74-b73a-7166d0cf87af","method":"GET","url":"/api/auth/me","remoteAddress":"::1"},"res":{"statusCode":304},"responseTime":2307,"msg":"GET /me 304"}
{"level":30,"time":"2026-09-23T13:49:28.634Z","service":"reddington-server","env":"development","req":{"id":"f2ffcb91-f77b-4fe8-bdd8-6983af3054f3","method":"GET","url":"/api/auth/me","remoteAddress":"::1"},"res":{"statusCode":304},"responseTime":254,"msg":"GET /me 304"}
{"level":30,"time":"2026-09-23T13:50:26.317Z","service":"reddington-server","env":"development","req":{"id":"7b28b88f-456a-4aa5-8991-a20d8df17028","method":"GET","url":"/api/auth/me","remoteAddress":"::1"},"res":{"statusCode":304},"responseTime":252,"msg":"GET /me 304"}
{"level":30,"time":"2026-09-23T13:50:26.575Z","service":"reddington-server","env":"development","req":{"id":"c2966b44-3fdb-4c74-9547-457c522905ae","method":"GET","url":"/api/auth/me","remoteAddress":"::1"},"res":{"statusCode":304},"responseTime":255,"msg":"GET /me 304"}
{"level":30,"time":"2026-09-23T13:51:26.322Z","service":"reddington-server","env":"development","req":{"id":"69f9b6ed-8e54-4a9f-8724-f00ff3ddc5ae","method":"GET","url":"/api/auth/me","remoteAddress":"::1"},"res":{"statusCode":304},"responseTime":253,"msg":"GET /me 304"}
{"level":30,"time":"2026-09-23T13:51:26.600Z","service":"reddington-server","env":"development","req":{"id":"0f3fb3e2-a946-473f-baba-ba5c98533c9c","method":"GET","url":"/api/auth/me","remoteAddress":"::1"},"res":{"statusCode":304},"responseTime":269,"msg":"GET /me 304"}
{"level":30,"time":"2026-09-23T13:52:26.317Z","service":"reddington-server","env":"development","req":{"id":"d2777fb8-03f9-4495-be10-f5d2f0b450eb","method":"GET","url":"/api/auth/me","remoteAddress":"::1"},"res":{"statusCode":304},"responseTime":254,"msg":"GET /me 304"}
{"level":30,"time":"2026-09-23T13:52:26.581Z","service":"reddington-server","env":"development","req":{"id":"60264bd4-09b2-4a70-8199-4c1b4df6bcf3","method":"GET","url":"/api/auth/me","remoteAddress":"::1"},"res":{"statusCode":304},"responseTime":256,"msg":"GET /me 304"}
{"level":30,"time":"2026-09-23T13:53:26.327Z","service":"reddington-server","env":"development","req":{"id":"db270985-6c25-447b-9b2b-b6d83f764abb","method":"GET","url":"/api/auth/me","remoteAddress":"::1"},"res":{"statusCode":304},"responseTime":257,"msg":"GET /me 304"}
{"level":30,"time":"2026-09-23T13:53:26.587Z","service":"reddington-server","env":"development","req":{"id":"29253ca6-a92d-4aad-8d01-c1e570d76f50","method":"GET","url":"/api/auth/me","remoteAddress":"::1"},"res":{"statusCode":304},"responseTime":256,"msg":"GET /me 304"}
{"level":30,"time":"2026-09-23T13:54:26.319Z","service":"reddington-server","env":"development","req":{"id":"d442df63-ead6-4735-a54e-825b6ac7b530","method":"GET","url":"/api/auth/me","remoteAddress":"::1"},"res":{"statusCode":304},"responseTime":256,"msg":"GET /me 304"}
{"level":30,"time":"2026-09-23T13:54:26.579Z","service":"reddington-server","env":"development","req":{"id":"f54280db-b24c-4884-a465-49f0fa52a5a4","method":"GET","url":"/api/auth/me","remoteAddress":"::1"},"res":{"statusCode":304},"responseTime":256,"msg":"GET /me 304"}
{"level":30,"time":"2026-09-23T13:55:26.594Z","service":"reddington-server","env":"development","req":{"id":"a922ceff-0ebf-4323-9005-bc3d47f0685d","method":"GET","url":"/api/auth/me","remoteAddress":"::1"},"res":{"statusCode":304},"responseTime":522,"msg":"GET /me 304"}
{"level":30,"time":"2026-09-23T13:55:26.845Z","service":"reddington-server","env":"development","req":{"id":"4c5bba6b-3c8c-496d-b7e3-0b10c6443010","method":"GET","url":"/api/auth/me","remoteAddress":"::1"},"res":{"statusCode":304},"responseTime":247,"msg":"GET /me 304"}
{"level":30,"time":"2026-09-23T13:56:04.578Z","service":"reddington-server","env":"development","req":{"id":"2f90fa9c-3d66-4d6a-bff7-dc5ad7e9569d","method":"GET","url":"/api/auth/me","remoteAddress":"::1"},"res":{"statusCode":304},"responseTime":244,"msg":"GET /me 304"}
{"level":30,"time":"2026-09-23T13:56:04.827Z","service":"reddington-server","env":"development","req":{"id":"55b2b73d-3230-46ff-9c4e-7342ba64e3ea","method":"GET","url":"/api/auth/me","remoteAddress":"::1"},"res":{"statusCode":304},"responseTime":246,"msg":"GET /me 304"}
